OBJECTID,RptDt,Date,NEG_NEW,NEG_7DAYAVG,POS_CP,IC_Y_80_89_CP,IC_Y_90_CP,TESTS_POS_CONF,TESTS_POS_CONF_NEW,TESTS_POS_CONF_7DAYAVG,PercentNAATPos
851,1/23/2020 2:00:00 PM,1/22/2020,2,2.0,0,0,0,1,1,1.0,25.0
852,1/24/2020 2:00:00 PM,1/23/2020,0,1.0,0,0,0,1,0,0.5,0.0
853,1/25/2020 2:00:00 PM,1/24/2020,1,1.0,0,0,0,1,0,0.33,0.0
854,1/26/2020 2:00:00 PM,1/25/2020,0,0.75,0,0,0,1,0,0.25,0.0
855,1/27/2020 2:00:00 PM,1/26/2020,0,0.6,0,0,0,1,0,0.2,0.0
856,1/28/2020 2:00:00 PM,1/27/2020,4,1.17,0,0,0,3,2,0.5,22.22
857,1/29/2020 2:00:00 PM,1/28/2020,1,1.14,0,0,0,4,1,0.57,12.5
858,1/30/2020 2:00:00 PM,1/29/2020,0,0.86,0,0,0,4,0,0.43,0.0
859,1/31/2020 2:00:00 PM,1/30/2020,2,1.14,0,0,0,4,0,0.43,0.0
860,2/1/2020 2:00:00 PM,1/31/2020,0,1.0,0,0,0,4,0,0.43,0.0
861,2/2/2020 2:00:00 PM,2/1/2020,0,1.0,0,0,0,5,1,0.57,14.29
862,2/3/2020 2:00:00 PM,2/2/2020,1,1.14,0,0,0,6,1,0.71,20.0
863,2/4/2020 2:00:00 PM,2/3/2020,2,0.86,0,0,0,7,1,0.57,10.0
864,2/5/2020 2:00:00 PM,2/4/2020,0,0.71,0,0,0,8,1,0.57,20.0
865,2/6/2020 2:00:00 PM,2/5/2020,4,1.29,1,0,0,13,5,1.29,55.56
866,2/7/2020 2:00:00 PM,2/6/2020,11,2.57,1,0,0,13,0,1.29,0.0
867,2/8/2020 2:00:00 PM,2/7/2020,3,3.0,1,0,0,13,0,1.29,0.0
868,2/9/2020 2:00:00 PM,2/8/2020,0,3.0,1,0,0,15,2,1.43,50.0
869,2/10/2020 2:00:00 PM,2/9/2020,1,3.0,1,0,0,15,0,1.29,0.0
870,2/11/2020 2:00:00 PM,2/10/2020,3,3.14,1,0,0,17,2,1.43,22.22
871,2/12/2020 2:00:00 PM,2/11/2020,3,3.57,1,0,0,17,0,1.29,0.0
872,2/13/2020 2:00:00 PM,2/12/2020,0,3.0,1,0,0,19,2,0.86,15.38
873,2/14/2020 2:00:00 PM,2/13/2020,2,1.71,1,0,0,19,0,0.86,0.0
874,2/15/2020 2:00:00 PM,2/14/2020,0,1.29,1,0,0,19,0,0.86,0.0
875,2/16/2020 2:00:00 PM,2/15/2020,1,1.43,1,0,0,19,0,0.57,0.0
876,2/17/2020 2:00:00 PM,2/16/2020,0,1.29,1,0,0,19,0,0.57,0.0
877,2/18/2020 2:00:00 PM,2/17/2020,0,0.86,1,0,0,20,1,0.43,5.56
878,2/19/2020 2:00:00 PM,2/18/2020,0,0.43,1,0,0,20,0,0.43,0.0
879,2/20/2020 2:00:00 PM,2/19/2020,0,0.43,1,0,0,21,1,0.29,12.5
880,2/21/2020 2:00:00 PM,2/20/2020,1,0.29,1,0,0,22,1,0.43,50.0
881,2/22/2020 2:00:00 PM,2/21/2020,0,0.29,1,0,0,22,0,0.43,0.0
882,2/23/2020 2:00:00 PM,2/22/2020,2,0.43,1,0,0,24,2,0.71,28.57
883,2/24/2020 2:00:00 PM,2/23/2020,0,0.43,1,0,0,24,0,0.71,0.0
884,2/25/2020 2:00:00 PM,2/24/2020,1,0.57,1,0,0,24,0,0.57,0.0
885,2/26/2020 2:00:00 PM,2/25/2020,1,0.71,1,0,0,24,0,0.57,0.0
900,2/27/2020 2:00:00 PM,2/26/2020,0,0.71,1,0,0,24,0,0.43,0.0
901,2/28/2020 2:00:00 PM,2/27/2020,0,0.57,1,0,0,24,0,0.29,0.0
902,2/29/2020 2:00:00 PM,2/28/2020,1,0.71,1,0,0,24,0,0.29,0.0
903,3/1/2020 2:00:00 PM,2/29/2020,1,0.57,1,0,0,24,0,0.0,0.0
904,3/2/2020 2:00:00 PM,3/1/2020,0,0.57,1,0,0,24,0,0.0,0.0
905,3/3/2020 2:00:00 PM,3/2/2020,2,0.71,1,0,0,24,0,0.0,0.0
906,3/4/2020 2:00:00 PM,3/3/2020,4,1.14,1,0,0,24,0,0.0,0.0
907,3/5/2020 2:00:00 PM,3/4/2020,12,2.86,1,0,0,24,0,0.0,0.0
908,3/6/2020 2:00:00 PM,3/5/2020,9,4.14,1,0,0,24,0,0.0,0.0
909,3/7/2020 2:00:00 PM,3/6/2020,8,5.14,1,0,0,24,0,0.0,0.0
910,3/8/2020 2:00:00 PM,3/7/2020,3,5.43,1,0,0,24,0,0.0,0.0
911,3/9/2020 2:00:00 PM,3/8/2020,12,7.14,1,0,0,24,0,0.0,0.0
912,3/10/2020 2:00:00 PM,3/9/2020,18,9.43,1,0,0,24,0,0.0,0.0
913,3/11/2020 2:00:00 PM,3/10/2020,61,17.57,3,0,0,25,1,0.14,5.26
914,3/12/2020 2:00:00 PM,3/11/2020,64,25.0,6,0,0,28,3,0.57,6.52
915,3/13/2020 2:00:00 PM,3/12/2020,192,51.14,8,1,0,32,4,1.14,5.63
916,3/14/2020 2:00:00 PM,3/13/2020,384,104.86,19,1,0,41,9,2.43,6.72
917,3/15/2020 2:00:00 PM,3/14/2020,236,138.14,33,1,0,54,13,4.29,4.69
918,3/16/2020 2:00:00 PM,3/15/2020,253,172.57,46,1,0,68,14,6.29,3.74
919,3/17/2020 2:00:00 PM,3/16/2020,728,274.0,59,1,0,88,20,9.14,5.48
920,3/18/2020 2:00:00 PM,3/17/2020,960,402.43,84,1,0,128,40,14.71,4.99
942,3/19/2020 2:00:00 PM,3/18/2020,1038,541.57,127,3,0,197,69,24.14,6.47
943,3/20/2020 2:00:00 PM,3/19/2020,1479,725.43,184,3,0,254,57,31.71,4.45
944,3/21/2020 2:00:00 PM,3/20/2020,1747,920.14,254,3,0,325,71,40.57,4.55
945,3/22/2020 2:00:00 PM,3/21/2020,1168,1053.29,325,5,1,403,78,49.86,6.09
946,3/23/2020 2:00:00 PM,3/22/2020,762,1126.0,406,5,1,464,61,56.57,6.21
947,3/24/2020 2:00:00 PM,3/23/2020,1092,1178.0,460,5,1,577,113,69.86,9.03
948,3/25/2020 2:00:00 PM,3/24/2020,1559,1263.57,592,6,1,694,117,80.86,6.89
830,3/26/2020 2:00:00 PM,3/25/2020,1440,1321.0,722,6,2,855,161,94.0,10.14
831,3/27/2020 2:00:00 PM,3/26/2020,1215,1283.29,866,10,2,999,144,106.43,8.12
832,3/28/2020 2:00:00 PM,3/27/2020,1608,1263.43,1039,14,2,1139,140,116.29,8.3
833,3/29/2020 2:00:00 PM,3/28/2020,945,1231.57,1177,15,2,1265,126,123.14,9.16
834,3/30/2020 2:00:00 PM,3/29/2020,734,1227.57,1304,17,2,1371,106,129.57,8.3
835,3/31/2020 2:00:00 PM,3/30/2020,1321,1260.29,1460,20,3,1514,143,133.86,10.35
836,4/1/2020 2:00:00 PM,3/31/2020,1591,1264.86,1692,22,4,1724,210,147.14,10.39
886,4/2/2020 2:00:00 PM,4/1/2020,1315,1247.0,1920,25,4,1889,165,147.71,9.96
887,4/3/2020 2:00:00 PM,4/2/2020,1499,1287.57,2109,27,4,2058,169,151.29,8.92
888,4/4/2020 2:00:00 PM,4/3/2020,1672,1296.71,2356,28,4,2254,196,159.29,9.17
889,4/5/2020 2:00:00 PM,4/4/2020,1133,1323.57,2536,29,4,2438,184,167.57,9.9
890,4/6/2020 2:00:00 PM,4/5/2020,1203,1390.57,2716,29,4,2602,164,175.86,10.2
891,4/7/2020 2:00:00 PM,4/6/2020,1501,1416.29,2896,29,4,2721,119,172.43,8.88
892,4/8/2020 2:00:00 PM,4/7/2020,1569,1413.14,3126,30,5,2909,188,169.29,10.58
844,4/9/2020 2:00:00 PM,4/8/2020,1327,1414.86,3294,31,8,3104,195,173.57,10.36
845,4/10/2020 2:00:00 PM,4/9/2020,1583,1426.86,3522,32,9,3282,178,174.86,9.04
846,4/11/2020 2:00:00 PM,4/10/2020,1369,1383.57,3705,33,9,3429,147,167.86,8.29
847,4/12/2020 2:00:00 PM,4/11/2020,1009,1365.86,3841,35,10,3577,148,162.71,9.67
848,4/13/2020 2:00:00 PM,4/12/2020,784,1306.0,3942,37,11,3694,117,156.0,10.75
849,4/14/2020 2:00:00 PM,4/13/2020,1133,1253.43,4099,38,12,3832,138,158.71,10.14
850,4/15/2020 2:00:00 PM,4/14/2020,1465,1238.57,4294,38,13,3994,162,155.0,9.33
837,4/16/2020 2:00:00 PM,4/15/2020,1561,1272.0,4473,39,13,4162,168,151.14,9.35
838,4/17/2020 2:00:00 PM,4/16/2020,1577,1271.14,4672,40,13,4339,177,151.0,9.04
839,4/18/2020 2:00:00 PM,4/17/2020,1665,1313.43,4845,40,15,4553,214,160.57,9.96
840,4/19/2020 2:00:00 PM,4/18/2020,1296,1354.43,5014,40,15,4725,172,164.0,8.78
841,4/20/2020 2:00:00 PM,4/19/2020,967,1380.57,5184,40,15,4833,108,162.71,8.24
842,4/21/2020 2:00:00 PM,4/20/2020,1759,1470.0,5318,40,15,5053,220,174.43,10.71
843,4/22/2020 2:00:00 PM,4/21/2020,2420,1606.43,5588,40,16,5307,254,187.57,9.54
3661117,4/23/2020 2:00:00 PM,4/22/2020,2164,1692.57,5811,42,16,5613,306,207.29,10.49
3661118,4/24/2020 2:00:00 PM,4/23/2020,2306,1796.71,6157,42,16,5896,283,222.43,10.22
3661119,4/25/2020 2:00:00 PM,4/24/2020,2410,1903.14,6507,44,16,6187,291,233.43,9.94
3661120,4/26/2020 2:00:00 PM,4/25/2020,2009,2005.0,6755,44,17,6439,252,244.86,8.74
3661121,4/27/2020 2:00:00 PM,4/26/2020,1629,2099.57,6931,46,17,6617,178,254.86,7.77
3661122,4/28/2020 2:00:00 PM,4/27/2020,2507,2206.43,7162,47,17,6848,231,256.43,7.74
3661123,4/29/2020 2:00:00 PM,4/28/2020,3384,2344.14,7415,48,17,7162,314,265.0,8.56
417,4/30/2020 2:00:00 PM,4/29/2020,3343,2512.57,7786,50,17,7608,446,285.0,10.35
418,5/1/2020 2:00:00 PM,4/30/2020,3662,2706.29,8278,50,18,7978,370,297.43,9.5
419,5/2/2020 2:00:00 PM,5/1/2020,3302,2833.71,8655,50,18,8439,461,321.71,11.14
420,5/3/2020 2:00:00 PM,5/2/2020,3155,2997.43,8992,50,18,8800,361,337.29,8.46
421,5/4/2020 2:00:00 PM,5/3/2020,2144,3071.0,9242,50,18,9085,285,352.57,7.91
422,5/5/2020 2:00:00 PM,5/4/2020,3207,3171.0,9580,50,18,9380,295,361.71,7.8
423,5/6/2020 2:00:00 PM,5/5/2020,4059,3267.43,9936,50,18,9767,387,372.14,7.81
382,5/7/2020 2:00:00 PM,5/6/2020,5224,3536.14,10282,51,18,10172,405,366.29,6.36
383,5/8/2020 2:00:00 PM,5/7/2020,4670,3680.14,10695,51,21,10612,440,376.29,7.7
384,5/9/2020 2:00:00 PM,5/8/2020,4322,3825.86,11010,51,21,10981,369,363.14,6.52
385,5/10/2020 2:00:00 PM,5/9/2020,3735,3908.71,11320,51,21,11295,314,356.43,5.63
386,5/11/2020 2:00:00 PM,5/10/2020,3031,4035.43,11498,52,21,11510,215,346.43,4.67
387,5/12/2020 2:00:00 PM,5/11/2020,4152,4170.43,11804,52,22,11784,274,343.43,5.61
388,5/13/2020 2:00:00 PM,5/12/2020,4788,4274.57,12101,55,22,12161,377,342.0,5.55
501,5/14/2020 2:00:00 PM,5/13/2020,6776,4496.29,12474,56,22,12613,452,348.71,5.46
502,5/15/2020 2:00:00 PM,5/14/2020,6622,4775.14,12915,57,25,13084,471,353.14,5.47
503,5/16/2020 2:00:00 PM,5/15/2020,8020,5303.43,13447,58,25,13613,529,376.0,5.32
504,5/17/2020 2:00:00 PM,5/16/2020,4809,5456.86,13873,58,25,13980,367,383.57,4.75
505,5/18/2020 2:00:00 PM,5/17/2020,5094,5751.57,14009,59,25,14266,286,393.71,4.48
506,5/19/2020 2:00:00 PM,5/18/2020,4499,5801.14,14263,60,25,14552,286,395.43,3.61
507,5/20/2020 2:00:00 PM,5/19/2020,9885,6529.29,14679,60,25,15123,571,423.14,4.95
620,5/21/2020 2:00:00 PM,5/20/2020,11438,7195.29,15310,60,25,15728,605,445.0,4.44
621,5/22/2020 2:00:00 PM,5/21/2020,10193,7705.43,15791,60,25,16392,664,472.57,5.8
622,5/23/2020 2:00:00 PM,5/22/2020,10852,8110.0,16335,62,25,16932,540,474.14,4.92
623,5/24/2020 2:00:00 PM,5/23/2020,7076,8433.86,16739,63,25,17366,434,483.71,3.78
624,5/25/2020 2:00:00 PM,5/24/2020,8815,8965.43,17062,64,25,17780,414,502.0,3.55
625,5/26/2020 2:00:00 PM,5/25/2020,6983,9320.29,17362,65,25,18216,436,523.43,4.5
626,5/27/2020 2:00:00 PM,5/26/2020,9347,9243.43,17884,65,25,18755,539,518.86,3.97
249,5/28/2020 2:00:00 PM,5/27/2020,13504,9538.57,18527,65,27,19301,546,510.43,4.38
250,5/29/2020 2:00:00 PM,5/28/2020,9561,9448.29,19137,66,27,19895,594,500.43,4.92
251,5/30/2020 2:00:00 PM,5/29/2020,9082,9195.43,19864,66,27,20506,611,510.57,5.0
252,5/31/2020 2:00:00 PM,5/30/2020,3125,8631.0,20144,68,27,20831,325,495.0,2.87
253,6/1/2020 2:00:00 PM,5/31/2020,2803,7772.14,20280,68,27,21099,268,474.14,2.37
254,6/2/2020 2:00:00 PM,6/1/2020,19884,9615.14,20579,69,28,21454,355,462.57,3.04
255,6/3/2020 2:00:00 PM,6/2/2020,10677,9805.14,21087,69,28,21802,348,435.29,3.12
466,6/4/2020 2:00:00 PM,6/3/2020,9955,9298.14,21603,69,28,22222,420,417.29,3.18
467,6/5/2020 2:00:00 PM,6/4/2020,9950,9353.71,21991,70,28,22673,451,396.86,3.33
468,6/6/2020 2:00:00 PM,6/5/2020,8745,9305.57,22409,70,28,23082,409,368.0,3.4
469,6/7/2020 2:00:00 PM,6/6/2020,6794,9829.71,22681,70,28,23402,320,367.29,3.19
470,6/8/2020 2:00:00 PM,6/7/2020,6847,10407.43,22874,70,28,23657,255,365.43,3.09
471,6/9/2020 2:00:00 PM,6/8/2020,6365,8476.14,23201,70,28,23929,272,353.57,3.42
472,6/10/2020 2:00:00 PM,6/9/2020,8811,8209.57,23466,70,28,24308,379,358.0,3.23
263,6/11/2020 2:00:00 PM,6/10/2020,9702,8173.43,23870,71,28,24768,460,363.71,3.22
264,6/12/2020 2:00:00 PM,6/11/2020,9803,8152.43,24226,71,28,25128,360,350.71,2.8
265,6/13/2020 2:00:00 PM,6/12/2020,9984,8329.43,24533,72,28,25432,304,335.71,2.3
266,6/14/2020 2:00:00 PM,6/13/2020,6566,8296.86,24796,72,29,25748,316,335.14,3.19
267,6/15/2020 2:00:00 PM,6/14/2020,6009,8177.14,24985,73,29,26027,279,338.57,3.21
268,6/16/2020 2:00:00 PM,6/15/2020,5447,8046.0,25276,73,29,26272,245,334.71,3.29
269,6/17/2020 2:00:00 PM,6/16/2020,8746,8036.71,25572,73,29,26636,364,332.57,3.12
3661124,6/18/2020 2:00:00 PM,6/17/2020,9111,7952.29,26018,73,29,27032,396,323.43,2.83
3661125,6/19/2020 2:00:00 PM,6/18/2020,8989,7836.0,26360,73,29,27393,361,323.57,2.61
3661126,6/20/2020 2:00:00 PM,6/19/2020,8521,7627.0,26784,73,29,27846,453,344.86,3.33
3661127,6/21/2020 2:00:00 PM,6/20/2020,8099,7846.0,27063,74,29,28210,364,351.71,3.36
3661128,6/22/2020 2:00:00 PM,6/21/2020,5869,7826.0,27329,75,29,28498,288,353.0,3.31
3661129,6/23/2020 2:00:00 PM,6/22/2020,5583,7845.43,27608,75,29,28826,328,364.86,3.84
3661130,6/24/2020 2:00:00 PM,6/23/2020,9651,7974.71,28041,75,29,29310,484,382.0,3.87
473,6/25/2020 2:00:00 PM,6/24/2020,9893,8086.43,28581,75,29,29911,601,411.29,3.53
474,6/26/2020 2:00:00 PM,6/25/2020,9509,8160.71,29087,76,29,30460,549,438.14,4.2
475,6/27/2020 2:00:00 PM,6/26/2020,9312,8273.71,29672,77,29,31055,595,458.43,4.11
476,6/28/2020 2:00:00 PM,6/27/2020,7089,8129.43,30146,77,29,31578,523,481.14,4.09
477,6/29/2020 2:00:00 PM,6/28/2020,8970,8572.43,30472,77,29,32067,489,509.86,3.75
478,6/30/2020 2:00:00 PM,6/29/2020,8289,8959.0,31076,77,29,32566,499,534.29,4.7
479,7/1/2020 2:00:00 PM,6/30/2020,9272,8904.86,31636,77,30,33181,615,553.0,4.51
599,7/2/2020 2:00:00 PM,7/1/2020,9814,8893.57,32186,77,31,33772,591,551.57,3.72
600,7/3/2020 2:00:00 PM,7/2/2020,10155,8985.86,32799,77,31,34563,791,586.14,4.66
601,7/4/2020 2:00:00 PM,7/3/2020,10054,9091.86,33516,77,31,35405,842,621.43,4.79
602,7/5/2020 2:00:00 PM,7/4/2020,7604,9165.43,34082,77,31,35997,592,631.29,4.91
603,7/6/2020 2:00:00 PM,7/5/2020,6298,8783.71,34518,77,31,36464,467,628.14,5.2
604,7/7/2020 2:00:00 PM,7/6/2020,6670,8552.43,35099,79,31,36978,514,630.29,5.49
605,7/8/2020 2:00:00 PM,7/7/2020,10122,8673.86,35714,79,31,37739,761,651.14,4.66
704,7/9/2020 2:00:00 PM,7/8/2020,11268,8881.57,36522,80,31,38610,871,691.14,4.88
705,7/10/2020 2:00:00 PM,7/9/2020,12575,9227.29,37333,80,31,39526,916,709.0,4.72
706,7/11/2020 2:00:00 PM,7/10/2020,10530,9295.29,38278,81,32,40634,1108,747.0,6.38
707,7/12/2020 2:00:00 PM,7/11/2020,9380,9549.0,39091,83,32,41488,854,784.43,5.06
708,7/13/2020 2:00:00 PM,7/12/2020,7874,9774.14,39610,83,32,42189,701,817.86,4.95
709,7/14/2020 2:00:00 PM,7/13/2020,12982,10675.86,40579,87,33,42979,790,857.29,4.93
710,7/15/2020 2:00:00 PM,7/14/2020,12209,10974.0,41374,88,33,44073,1094,904.86,5.5
767,7/16/2020 2:00:00 PM,7/15/2020,11339,10984.14,42354,88,33,45035,962,917.86,4.91
768,7/17/2020 2:00:00 PM,7/16/2020,12206,10931.43,43243,89,34,46093,1058,938.14,4.73
769,7/18/2020 2:00:00 PM,7/17/2020,13163,11307.57,44226,92,34,47287,1194,950.43,5.47
770,7/19/2020 2:00:00 PM,7/18/2020,11215,11569.71,45088,92,34,48377,1090,984.14,5.51
771,7/20/2020 2:00:00 PM,7/19/2020,9977,11870.14,45799,93,34,49194,817,1000.71,5.1
772,7/21/2020 2:00:00 PM,7/20/2020,10760,11552.71,46913,93,34,50157,963,1025.43,5.55
773,7/22/2020 2:00:00 PM,7/21/2020,12440,11585.71,47770,94,34,51420,1263,1049.57,5.84
823,7/23/2020 2:00:00 PM,7/22/2020,11958,11674.14,48730,96,35,52509,1089,1067.71,5.47
824,7/24/2020 2:00:00 PM,7/23/2020,13778,11898.71,49840,96,35,53702,1193,1087.0,5.12
825,7/25/2020 2:00:00 PM,7/24/2020,12106,11747.71,50783,96,35,54772,1070,1069.29,5.48
826,7/26/2020 2:00:00 PM,7/25/2020,9838,11551.0,51735,97,35,55766,994,1055.57,6.13
827,7/27/2020 2:00:00 PM,7/26/2020,7956,11262.29,52400,98,35,56521,755,1046.71,5.1
828,7/28/2020 2:00:00 PM,7/27/2020,8277,10907.57,53184,98,36,57168,647,1001.57,5.42
829,7/29/2020 2:00:00 PM,7/28/2020,11906,10831.29,54061,98,36,58195,1027,967.86,4.95
984,7/30/2020 2:00:00 PM,7/29/2020,11393,10750.57,55056,98,36,59516,1321,1001.0,5.53
985,7/31/2020 2:00:00 PM,7/30/2020,11863,10477.0,55981,98,36,60770,1254,1009.71,6.36
986,8/1/2020 2:00:00 PM,7/31/2020,10479,10244.57,57135,99,39,61870,1100,1014.0,5.95
987,8/2/2020 2:00:00 PM,8/1/2020,8217,10013.0,57995,99,39,62775,905,1001.29,6.0
988,8/3/2020 2:00:00 PM,8/2/2020,7646,9968.71,58499,99,39,63429,654,986.86,5.14
989,8/4/2020 2:00:00 PM,8/3/2020,7974,9925.43,59277,101,39,64184,755,1002.29,5.92
990,8/5/2020 2:00:00 PM,8/4/2020,10812,9769.14,60207,101,39,65215,1031,1002.86,5.4
564,8/6/2020 2:00:00 PM,8/5/2020,11367,9765.43,61121,102,39,66289,1074,967.57,4.97
565,8/7/2020 2:00:00 PM,8/6/2020,11168,9666.14,62097,102,39,67508,1219,962.57,5.88
566,8/8/2020 2:00:00 PM,8/7/2020,10512,9670.86,63271,104,39,68527,1019,951.0,5.82
567,8/9/2020 2:00:00 PM,8/8/2020,6634,9444.71,63890,105,39,69361,834,940.86,6.03
568,8/10/2020 2:00:00 PM,8/9/2020,7539,9429.43,64419,107,39,70008,647,939.86,5.3
569,8/11/2020 2:00:00 PM,8/10/2020,7404,9348.0,65205,107,39,70540,532,908.0,5.15
570,8/12/2020 2:00:00 PM,8/11/2020,7832,8922.29,65752,107,39,71408,868,884.71,5.4
669,8/13/2020 2:00:00 PM,8/12/2020,10171,8751.43,66698,107,39,72424,1016,876.43,5.22
670,8/14/2020 2:00:00 PM,8/13/2020,10203,8613.57,67769,108,39,73623,1199,873.57,6.02
671,8/15/2020 2:00:00 PM,8/14/2020,9049,8404.57,68624,109,39,74624,1001,871.0,5.18
672,8/16/2020 2:00:00 PM,8/15/2020,7568,8538.0,69306,109,39,75306,682,849.29,5.17
673,8/17/2020 2:00:00 PM,8/16/2020,6086,8330.43,69784,109,39,75910,604,843.14,5.67
674,8/18/2020 2:00:00 PM,8/17/2020,5749,8094.0,70489,112,39,76434,524,842.0,5.36
675,8/19/2020 2:00:00 PM,8/18/2020,8531,8193.86,71188,112,39,77212,778,829.14,4.7
746,8/20/2020 2:00:00 PM,8/19/2020,8541,7961.0,71954,113,39,78269,1057,835.0,5.17
747,8/21/2020 2:00:00 PM,8/20/2020,8735,7751.29,72809,115,39,79165,896,791.71,5.11
748,8/22/2020 2:00:00 PM,8/21/2020,6920,7447.14,73739,115,39,80006,841,768.86,5.26
749,8/23/2020 2:00:00 PM,8/22/2020,5521,7154.71,74227,116,39,80514,508,744.0,4.69
750,8/24/2020 2:00:00 PM,8/23/2020,5760,7108.14,74646,116,39,81150,636,748.57,4.78
751,8/25/2020 2:00:00 PM,8/24/2020,5764,7110.29,75326,116,39,81699,549,752.14,5.67
752,8/26/2020 2:00:00 PM,8/25/2020,8177,7059.71,76105,116,39,82605,906,770.43,5.1
795,8/27/2020 2:00:00 PM,8/26/2020,8055,6990.29,77008,117,39,83524,919,750.71,5.27
796,8/28/2020 2:00:00 PM,8/27/2020,7016,6744.71,77866,119,39,84478,954,759.0,3.94
797,8/29/2020 2:00:00 PM,8/28/2020,8169,6923.14,78652,119,39,85275,797,752.71,5.07
798,8/30/2020 2:00:00 PM,8/29/2020,4602,6791.86,79269,119,39,85975,700,780.14,5.36
799,8/31/2020 2:00:00 PM,8/30/2020,6148,6847.29,79531,121,39,86598,623,778.29,5.58
800,9/1/2020 2:00:00 PM,8/31/2020,7457,7089.14,80538,121,39,87288,690,798.43,5.25
801,9/2/2020 2:00:00 PM,9/1/2020,4544,6570.14,81160,121,39,88298,1010,813.29,5.82
956,9/3/2020 2:00:00 PM,9/2/2020,10254,6884.29,81864,121,40,89247,949,817.57,6.12
957,9/4/2020 2:00:00 PM,9/3/2020,7243,6916.71,83397,122,40,90413,1166,847.86,5.5
958,9/5/2020 2:00:00 PM,9/4/2020,7429,6811.0,84391,123,40,91455,1042,882.86,5.39
959,9/6/2020 2:00:00 PM,9/5/2020,6511,7083.71,85275,123,40,92412,957,919.57,6.66
960,9/7/2020 2:00:00 PM,9/6/2020,4616,6864.86,85862,123,40,93262,850,952.0,7.11
961,9/8/2020 2:00:00 PM,9/7/2020,5386,6569.0,86596,123,40,93992,730,957.71,6.73
962,9/9/2020 2:00:00 PM,9/8/2020,4755,6599.14,87510,124,41,94744,752,920.86,7.71
543,9/10/2020 2:00:00 PM,9/9/2020,8204,6306.29,89047,126,42,96629,1885,1054.57,8.11
544,9/11/2020 2:00:00 PM,9/10/2020,7960,6408.71,90424,126,42,98307,1678,1127.71,8.55
545,9/12/2020 2:00:00 PM,9/11/2020,8475,6558.14,91889,128,42,99745,1438,1184.29,8.29
546,9/13/2020 2:00:00 PM,9/12/2020,7895,6755.86,93307,129,43,101053,1308,1234.43,7.03
547,9/14/2020 2:00:00 PM,9/13/2020,5686,6908.71,94262,129,43,102116,1063,1264.86,8.72
548,9/15/2020 2:00:00 PM,9/14/2020,7824,7257.0,95726,130,43,103456,1340,1352.0,8.69
549,9/16/2020 2:00:00 PM,9/15/2020,8991,7862.14,97215,130,46,105077,1621,1476.14,8.68
291,9/17/2020 2:00:00 PM,9/16/2020,10873,8243.43,99284,131,47,107612,2535,1569.0,8.99
292,9/18/2020 2:00:00 PM,9/17/2020,11208,8707.43,101803,132,47,109885,2273,1654.0,8.38
293,9/19/2020 2:00:00 PM,9/18/2020,10760,9033.86,104041,133,47,112423,2538,1811.14,9.33
294,9/20/2020 2:00:00 PM,9/19/2020,9863,9315.0,105950,134,47,114248,1825,1885.0,9.39
295,9/21/2020 2:00:00 PM,9/20/2020,6699,9459.71,107228,135,47,115656,1408,1934.29,8.34
296,9/22/2020 2:00:00 PM,9/21/2020,9370,9680.57,108962,137,48,117182,1526,1960.86,8.29
297,9/23/2020 2:00:00 PM,9/22/2020,9554,9761.0,110809,139,48,119226,2044,2021.29,9.56
480,9/24/2020 2:00:00 PM,9/23/2020,12835,10041.29,113150,142,48,122075,2849,2066.14,9.25
481,9/25/2020 2:00:00 PM,9/24/2020,11608,10098.43,115749,143,49,124692,2617,2115.29,9.28
482,9/26/2020 2:00:00 PM,9/25/2020,13396,10475.0,118631,145,49,127465,2773,2148.86,9.22
483,9/27/2020 2:00:00 PM,9/26/2020,11410,10696.0,120696,147,50,130348,2883,2300.0,10.29
484,9/28/2020 2:00:00 PM,9/27/2020,9311,11069.14,122609,151,50,132356,2008,2385.71,8.67
485,9/29/2020 2:00:00 PM,9/28/2020,9784,11128.29,125045,151,50,134596,2240,2487.71,10.78
486,9/30/2020 2:00:00 PM,9/29/2020,10030,11196.29,127458,151,50,136838,2242,2516.0,9.78
606,10/1/2020 2:00:00 PM,9/30/2020,13689,11318.29,130458,153,50,139826,2988,2535.86,9.12
607,10/2/2020 2:00:00 PM,10/1/2020,11855,11353.57,133226,154,50,142841,3015,2592.71,9.44
608,10/3/2020 2:00:00 PM,10/2/2020,12623,11243.14,136246,155,50,145387,2546,2560.29,8.93
609,10/4/2020 2:00:00 PM,10/3/2020,9902,11027.71,138210,157,50,147634,2247,2469.43,8.64
610,10/5/2020 2:00:00 PM,10/4/2020,9130,11001.86,139905,159,50,149764,2130,2486.86,9.77
611,10/6/2020 2:00:00 PM,10/5/2020,11676,11272.14,141930,161,50,151787,2023,2455.86,8.75
612,10/7/2020 2:00:00 PM,10/6/2020,11536,11487.29,144348,162,50,154274,2487,2490.86,9.08
690,10/8/2020 2:00:00 PM,10/7/2020,13690,11487.43,147651,165,51,157532,3258,2529.43,10.62
691,10/9/2020 2:00:00 PM,10/8/2020,12708,11609.29,150676,166,51,161132,3600,2613.0,9.77
692,10/10/2020 2:00:00 PM,10/9/2020,12278,11560.0,153603,167,51,164472,3340,2726.43,10.15
693,10/11/2020 2:00:00 PM,10/10/2020,11776,11827.71,156344,168,51,167675,3203,2863.0,10.76
694,10/12/2020 2:00:00 PM,10/11/2020,7865,11647.0,158409,168,51,170310,2635,2935.14,10.36
695,10/13/2020 2:00:00 PM,10/12/2020,11800,11664.71,161677,169,51,173847,3537,3151.43,11.61
696,10/14/2020 2:00:00 PM,10/13/2020,10588,11529.29,165008,174,51,177286,3439,3287.43,12.07
760,10/15/2020 2:00:00 PM,10/14/2020,13096,11444.43,168942,175,51,181349,4063,3402.43,11.35
761,10/16/2020 2:00:00 PM,10/15/2020,14556,11708.43,173046,181,53,185711,4362,3511.29,11.78
762,10/17/2020 2:00:00 PM,10/16/2020,8169,11121.43,177546,183,53,189613,3902,3591.57,11.29
763,10/18/2020 2:00:00 PM,10/17/2020,5649,10246.14,177571,185,54,192808,3195,3590.43,11.5
764,10/19/2020 2:00:00 PM,10/18/2020,17188,11578.0,180772,187,57,195532,2724,3603.14,12.85
765,10/20/2020 2:00:00 PM,10/19/2020,10132,11339.71,185295,189,57,198662,3130,3545.0,12.34
766,10/21/2020 2:00:00 PM,10/20/2020,6218,10715.43,189962,190,59,202309,3647,3574.71,9.72
816,10/22/2020 2:00:00 PM,10/21/2020,13378,10755.71,193525,191,60,206343,4034,3570.57,11.06
817,10/23/2020 2:00:00 PM,10/22/2020,13131,10552.14,197413,192,60,210848,4505,3591.0,12.34
818,10/24/2020 2:00:00 PM,10/23/2020,14108,11400.57,202742,194,60,215615,4767,3714.57,13.46
819,10/25/2020 2:00:00 PM,10/24/2020,10118,12039.0,206170,194,60,219742,4127,3847.71,12.1
820,10/26/2020 2:00:00 PM,10/25/2020,9154,10891.29,209463,197,60,223237,3495,3957.86,13.02
821,10/27/2020 2:00:00 PM,10/26/2020,11804,11130.14,214795,198,62,226974,3737,4044.57,11.49
822,10/28/2020 2:00:00 PM,10/27/2020,8225,11416.86,218874,199,63,231785,4811,4210.86,14.61
977,10/29/2020 2:00:00 PM,10/28/2020,13038,11368.29,223962,204,63,237195,5410,4407.43,14.59
978,10/30/2020 2:00:00 PM,10/29/2020,11759,11172.29,229831,206,63,243196,6001,4621.14,13.85
979,10/31/2020 2:00:00 PM,10/30/2020,11648,10820.86,235041,208,65,249121,5925,4786.57,15.0
980,11/1/2020 2:00:00 PM,10/31/2020,8980,10658.29,238579,210,66,254208,5087,4923.71,15.35
981,11/2/2020 2:00:00 PM,11/1/2020,5533,10141.0,242060,211,66,257901,3693,4952.0,14.57
982,11/3/2020 2:00:00 PM,11/2/2020,15571,10679.14,247941,212,66,263322,5421,5192.57,14.03
983,11/4/2020 2:00:00 PM,11/3/2020,10879,11058.29,254226,215,66,269122,5800,5333.86,17.6
935,11/5/2020 2:00:00 PM,11/4/2020,9897,10609.57,260408,217,66,276539,7417,5620.57,17.39
936,11/6/2020 2:00:00 PM,11/5/2020,12757,10752.14,266786,219,67,284230,7691,5862.0,16.33
937,11/7/2020 2:00:00 PM,11/6/2020,11709,10760.86,274193,222,67,291890,7660,6109.86,18.14
938,11/8/2020 2:00:00 PM,11/7/2020,8423,10681.29,278660,224,68,297958,6068,6250.0,16.8
939,11/9/2020 2:00:00 PM,11/8/2020,9089,11189.29,282965,227,68,303354,5396,6493.29,19.13
940,11/10/2020 2:00:00 PM,11/9/2020,12932,10812.29,290341,232,68,310496,7142,6739.14,16.3
941,11/11/2020 2:00:00 PM,11/10/2020,10743,10792.86,297869,236,69,317272,6776,6878.57,16.3
921,11/12/2020 2:00:00 PM,11/11/2020,14446,11442.71,306014,240,69,326700,9428,7165.86,19.33
922,11/13/2020 2:00:00 PM,11/12/2020,11954,11328.0,314491,241,69,335153,8453,7274.71,17.1
923,11/14/2020 2:00:00 PM,11/13/2020,14461,11721.14,320061,247,69,342516,7363,7232.29,15.0
924,11/15/2020 2:00:00 PM,11/14/2020,12649,12324.86,326273,249,70,348645,6129,7241.0,17.53
925,11/16/2020 2:00:00 PM,11/15/2020,7852,12148.14,330762,252,71,353332,4687,7139.71,15.17
926,11/17/2020 2:00:00 PM,11/16/2020,16285,12627.14,338320,255,71,358810,5478,6902.0,11.81
927,11/18/2020 2:00:00 PM,11/17/2020,14092,13105.57,346755,255,71,365608,6798,6905.14,14.36
3660915,11/19/2020 2:00:00 PM,11/18/2020,14808,13157.29,354179,257,71,372342,6734,6520.29,13.11
3660916,11/20/2020 2:00:00 PM,11/19/2020,14806,13564.71,361293,258,71,378115,5773,6137.43,11.43
3660917,11/21/2020 2:00:00 PM,11/20/2020,13572,13437.71,368178,259,71,383842,5727,5903.71,13.44
3660918,11/22/2020 2:00:00 PM,11/21/2020,11491,13272.29,372143,261,71,388590,4748,5706.43,12.19
3660919,11/23/2020 2:00:00 PM,11/22/2020,10336,13627.14,375478,262,72,392011,3421,5525.57,12.12
3660920,11/24/2020 2:00:00 PM,11/23/2020,11042,12878.14,382250,265,73,395919,3908,5301.29,9.74
3660921,11/25/2020 2:00:00 PM,11/24/2020,13945,12857.14,388279,270,73,401385,5466,5111.0,12.15
340,11/26/2020 2:00:00 PM,11/25/2020,10546,12248.29,393861,273,73,405953,4568,4801.57,10.85
341,11/27/2020 2:00:00 PM,11/26/2020,9250,11454.57,395276,273,73,410042,4089,4561.0,13.7
342,11/28/2020 2:00:00 PM,11/27/2020,5993,10371.86,400748,275,73,412817,2775,4139.29,11.08
343,11/29/2020 2:00:00 PM,11/28/2020,5810,9560.29,404686,277,73,415802,2985,3887.43,13.36
344,11/30/2020 2:00:00 PM,11/29/2020,6301,8983.86,407298,278,74,418931,3129,3845.71,14.08
345,12/1/2020 2:00:00 PM,11/30/2020,5993,8262.57,412059,279,74,421741,2810,3688.86,10.29
346,12/2/2020 2:00:00 PM,12/1/2020,8926,7545.57,416623,281,74,426716,4975,3618.71,13.36
515,12/3/2020 2:00:00 PM,12/2/2020,9430,7386.14,422070,281,74,432374,5658,3774.43,12.56
516,12/4/2020 2:00:00 PM,12/3/2020,11894,7763.86,427675,284,74,437657,5283,3945.0,13.31
517,12/5/2020 2:00:00 PM,12/4/2020,10161,8359.29,433378,284,75,441812,4155,4142.14,11.79
518,12/6/2020 2:00:00 PM,12/5/2020,7910,8659.29,436448,286,76,444909,3097,4158.14,11.65
519,12/7/2020 2:00:00 PM,12/6/2020,5650,8566.29,438629,287,77,447325,2416,4056.29,11.57
520,12/8/2020 2:00:00 PM,12/7/2020,6926,8699.57,443343,288,78,450434,3109,4099.0,10.29
521,12/9/2020 2:00:00 PM,12/8/2020,9655,8803.71,447375,291,78,454428,3994,3958.86,10.13
634,12/10/2020 2:00:00 PM,12/9/2020,9686,8840.29,452108,294,78,458436,4008,3723.14,10.28
635,12/11/2020 2:00:00 PM,12/10/2020,8098,8298.0,456503,295,78,462120,3684,3494.71,10.32
636,12/12/2020 2:00:00 PM,12/11/2020,10375,8328.57,461103,296,79,465575,3455,3394.71,10.82
637,12/13/2020 2:00:00 PM,12/12/2020,9429,8545.57,463883,296,79,468469,2894,3365.71,10.01
638,12/14/2020 2:00:00 PM,12/13/2020,5220,8484.14,466348,298,80,470341,1872,3288.0,10.53
639,12/15/2020 2:00:00 PM,12/14/2020,5346,8258.43,470459,298,80,472255,1914,3117.29,7.93
640,12/16/2020 2:00:00 PM,12/15/2020,8119,8039.0,473351,300,80,475538,3283,3015.71,8.84
718,12/17/2020 2:00:00 PM,12/16/2020,8875,7923.14,477461,301,81,479250,3712,2973.43,9.4
719,12/18/2020 2:00:00 PM,12/17/2020,8594,7994.0,481408,301,81,482645,3395,2932.14,9.36
720,12/19/2020 2:00:00 PM,12/18/2020,8363,7706.57,485589,304,81,485542,2897,2852.43,8.9
721,12/20/2020 2:00:00 PM,12/19/2020,6479,7285.14,487666,305,81,487728,2186,2751.29,8.19
722,12/21/2020 2:00:00 PM,12/20/2020,5250,7289.43,489356,305,82,489330,1602,2712.71,8.13
723,12/22/2020 2:00:00 PM,12/21/2020,15271,8707.29,492388,308,82,491213,1883,2708.29,6.81
724,12/23/2020 2:00:00 PM,12/22/2020,8110,8706.0,495444,311,83,494368,3155,2690.0,8.01
774,12/24/2020 2:00:00 PM,12/23/2020,9153,8745.71,498709,312,83,497323,2955,2581.86,7.89
775,12/25/2020 2:00:00 PM,12/24/2020,7300,8560.86,500297,314,84,499831,2508,2455.14,7.48
776,12/26/2020 2:00:00 PM,12/25/2020,4675,8034.0,500979,316,84,500774,943,2176.0,8.2
777,12/27/2020 2:00:00 PM,12/26/2020,2833,7513.14,503542,317,84,501905,1131,2025.29,9.85
778,12/28/2020 2:00:00 PM,12/27/2020,3651,7284.71,504985,319,84,503347,1442,2002.43,11.81
779,12/29/2020 2:00:00 PM,12/28/2020,4935,5808.14,507955,320,84,505542,2195,2047.0,9.18
780,12/30/2020 2:00:00 PM,12/29/2020,5952,5499.86,511106,320,84,509088,3546,2102.86,9.93
893,12/31/2020 2:00:00 PM,12/30/2020,6360,5100.86,514629,320,84,512365,3277,2148.86,9.46
894,1/1/2021 2:00:00 PM,12/31/2020,6792,5028.29,517461,320,84,515904,3539,2296.14,10.57
895,1/2/2021 2:00:00 PM,1/1/2021,3874,4913.86,518503,320,84,517549,1645,2396.43,11.52
896,1/3/2021 2:00:00 PM,1/2/2021,2490,4864.86,521178,320,84,519000,1451,2442.14,12.74
897,1/4/2021 2:00:00 PM,1/3/2021,2740,4734.71,522770,321,84,520824,1824,2496.71,13.78
898,1/5/2021 2:00:00 PM,1/4/2021,6216,4917.71,526763,323,84,523347,2523,2543.57,12.32
899,1/6/2021 2:00:00 PM,1/5/2021,7854,5189.43,530798,324,85,527152,3805,2580.57,10.3
928,1/7/2021 2:00:00 PM,1/6/2021,7617,5369.0,535268,327,85,531109,3957,2677.71,8.51
929,1/8/2021 2:00:00 PM,1/7/2021,8022,5544.71,539420,328,85,534224,3115,2617.14,9.95
930,1/9/2021 2:00:00 PM,1/8/2021,6599,5934.0,542826,330,86,536975,2751,2775.14,9.63
931,1/10/2021 2:00:00 PM,1/9/2021,5761,6401.29,544983,330,86,538882,1907,2840.29,8.67
932,1/11/2021 2:00:00 PM,1/10/2021,4309,6625.43,546714,331,86,540285,1403,2780.14,9.37
933,1/12/2021 2:00:00 PM,1/11/2021,5248,6487.14,549787,331,86,542257,1972,2701.43,9.4
934,1/13/2021 2:00:00 PM,1/12/2021,6907,6351.86,552656,332,86,545093,2836,2563.0,7.77
438,1/14/2021 2:00:00 PM,1/13/2021,7563,6344.14,555875,332,86,547611,2518,2357.43,6.31
439,1/15/2021 2:00:00 PM,1/14/2021,6873,6180.0,558554,333,86,549890,2279,2238.0,7.81
440,1/16/2021 2:00:00 PM,1/15/2021,6277,6134.0,560996,334,86,551726,1836,2107.29,6.99
441,1/17/2021 2:00:00 PM,1/16/2021,5155,6047.43,562942,336,86,553516,1790,2090.57,8.34
442,1/18/2021 2:00:00 PM,1/17/2021,3915,5991.14,564087,338,86,554587,1071,2043.14,7.56
443,1/19/2021 2:00:00 PM,1/18/2021,4667,5908.14,566029,339,86,555966,1379,1958.43,6.31
444,1/20/2021 2:00:00 PM,1/19/2021,6236,5812.29,567844,339,86,558038,2072,1849.29,5.99
578,1/21/2021 2:00:00 PM,1/20/2021,7367,5784.29,570385,339,86,560141,2103,1790.0,5.93
579,1/22/2021 2:00:00 PM,1/21/2021,6896,5787.57,572691,340,86,562048,1907,1736.86,5.61
580,1/23/2021 2:00:00 PM,1/22/2021,6730,5852.29,574688,342,86,563827,1779,1728.71,5.4
581,1/24/2021 2:00:00 PM,1/23/2021,5077,5841.14,576081,342,86,565090,1263,1653.43,5.96
582,1/25/2021 2:00:00 PM,1/24/2021,3277,5750.0,577160,342,86,566021,931,1633.43,6.8
583,1/26/2021 2:00:00 PM,1/25/2021,5002,5797.86,578708,342,86,567206,1185,1605.71,6.27
584,1/27/2021 2:00:00 PM,1/26/2021,6069,5774.0,580317,342,87,568880,1674,1548.86,4.22
676,1/28/2021 2:00:00 PM,1/27/2021,6636,5669.57,582312,342,87,570597,1717,1493.71,4.5
677,1/29/2021 2:00:00 PM,1/28/2021,5844,5519.29,584049,342,87,572333,1736,1469.29,5.48
678,1/30/2021 2:00:00 PM,1/29/2021,5586,5355.86,585736,342,87,573765,1432,1419.71,4.23
679,1/31/2021 2:00:00 PM,1/30/2021,4141,5222.14,586902,343,87,574871,1106,1397.29,5.72
680,2/1/2021 2:00:00 PM,1/31/2021,3017,5185.0,587693,343,87,575683,812,1380.29,6.61
681,2/2/2021 2:00:00 PM,2/1/2021,4061,5050.57,589044,344,88,576685,1002,1354.14,5.17
682,2/3/2021 2:00:00 PM,2/2/2021,6174,5065.57,590603,346,88,578258,1573,1339.71,3.78
221,2/4/2021 2:00:00 PM,2/3/2021,6268,5013.0,592344,348,88,579608,1350,1287.29,3.76
222,2/5/2021 2:00:00 PM,2/4/2021,5324,4938.71,593774,349,88,580774,1166,1205.86,4.58
223,2/6/2021 2:00:00 PM,2/5/2021,4325,4758.57,594870,349,88,581608,834,1120.43,3.12
224,2/7/2021 2:00:00 PM,2/6/2021,3707,4696.57,595594,350,89,582338,730,1066.71,4.14
225,2/8/2021 2:00:00 PM,2/7/2021,2870,4675.57,596227,350,89,583000,662,1045.29,4.63
226,2/9/2021 2:00:00 PM,2/8/2021,4177,4692.14,597121,350,89,583651,651,995.14,3.43
227,2/10/2021 2:00:00 PM,2/9/2021,5614,4612.14,598157,350,89,584742,1091,926.29,2.68
753,2/11/2021 2:00:00 PM,2/10/2021,5971,4569.71,599527,350,89,585677,935,867.0,2.5
754,2/12/2021 2:00:00 PM,2/11/2021,4727,4484.43,600665,350,89,586501,824,818.14,3.27
755,2/13/2021 2:00:00 PM,2/12/2021,4362,4489.71,601545,352,89,587343,842,819.29,3.27
756,2/14/2021 2:00:00 PM,2/13/2021,3406,4446.71,602087,352,89,587834,491,785.14,3.22
757,2/15/2021 2:00:00 PM,2/14/2021,3038,4470.71,602520,353,89,588389,555,769.86,3.87
758,2/16/2021 2:00:00 PM,2/15/2021,3224,4334.57,603325,354,89,588905,516,750.57,2.82
759,2/17/2021 2:00:00 PM,2/16/2021,4684,4201.71,604121,354,89,589697,792,707.86,2.31
802,2/18/2021 2:00:00 PM,2/17/2021,4546,3998.14,604975,354,89,590444,747,681.0,2.27
803,2/19/2021 2:00:00 PM,2/18/2021,4508,3966.86,605906,354,89,591193,749,670.29,2.77
804,2/20/2021 2:00:00 PM,2/19/2021,4408,3973.43,606728,354,89,591919,726,653.71,2.85
805,2/21/2021 2:00:00 PM,2/20/2021,3294,3957.43,607196,354,89,592519,600,669.29,2.78
806,2/22/2021 2:00:00 PM,2/21/2021,2954,3945.43,607643,354,89,592927,408,648.29,3.32
807,2/23/2021 2:00:00 PM,2/22/2021,3398,3970.29,608393,354,89,593561,634,665.14,2.81
808,2/24/2021 2:00:00 PM,2/23/2021,4955,4009.0,609237,355,89,594350,789,664.71,2.09
256,2/25/2021 2:00:00 PM,2/24/2021,6056,4224.71,610177,356,89,595109,759,666.43,2.05
257,2/26/2021 2:00:00 PM,2/25/2021,4385,4207.14,611000,356,89,595825,716,661.71,2.34
258,2/27/2021 2:00:00 PM,2/26/2021,4229,4181.57,611840,356,89,596486,661,652.43,2.61
259,2/28/2021 2:00:00 PM,2/27/2021,3449,4203.71,612325,356,89,596963,477,634.86,2.7
260,3/1/2021 2:00:00 PM,2/28/2021,2725,4171.0,612657,356,89,597297,334,624.29,2.62
261,3/2/2021 2:00:00 PM,3/1/2021,3516,4187.86,613296,357,89,597800,503,605.57,2.3
262,3/3/2021 2:00:00 PM,3/2/2021,4785,4163.57,614073,357,89,598567,767,602.43,1.91
809,3/4/2021 2:00:00 PM,3/3/2021,5106,4027.86,614938,357,89,599219,652,587.14,1.99
810,3/5/2021 2:00:00 PM,3/4/2021,4303,4016.14,615659,357,89,599828,609,571.86,2.32
811,3/6/2021 2:00:00 PM,3/5/2021,3862,3963.71,616290,357,89,600324,496,548.29,2.02
812,3/7/2021 2:00:00 PM,3/6/2021,3561,3979.71,616649,357,90,600779,455,545.14,2.48
813,3/8/2021 2:00:00 PM,3/7/2021,2220,3907.57,616843,357,90,601053,274,536.57,2.63
814,3/9/2021 2:00:00 PM,3/8/2021,2632,3781.29,617461,357,90,601482,429,526.0,2.04
815,3/10/2021 2:00:00 PM,3/9/2021,5960,3949.14,618156,357,90,602112,630,506.43,1.69
970,3/11/2021 2:00:00 PM,3/10/2021,4715,3893.29,618811,357,90,602661,549,491.71,1.67
971,3/12/2021 2:00:00 PM,3/11/2021,4390,3905.71,619565,357,90,603243,582,487.86,2.32
972,3/13/2021 2:00:00 PM,3/12/2021,3821,3899.86,620169,357,90,603771,528,492.43,2.3
973,3/14/2021 2:00:00 PM,3/13/2021,3338,3868.0,620561,357,90,604228,457,492.71,2.82
974,3/15/2021 2:00:00 PM,3/14/2021,2384,3891.43,620862,357,91,604533,305,497.14,2.89
975,3/16/2021 2:00:00 PM,3/15/2021,3524,4018.86,621577,358,91,604992,459,501.43,2.41
976,3/17/2021 2:00:00 PM,3/16/2021,4783,3850.71,622293,358,91,605647,655,505.0,1.9
963,3/18/2021 2:00:00 PM,3/17/2021,4459,3814.14,623006,358,91,606267,620,515.14,2.03
964,3/19/2021 2:00:00 PM,3/18/2021,3730,3719.86,623700,359,91,606849,582,515.14,2.34
965,3/20/2021 2:00:00 PM,3/19/2021,4350,3795.43,624275,359,91,607381,532,515.71,2.41
966,3/21/2021 2:00:00 PM,3/20/2021,3109,3762.71,624698,359,91,607871,490,520.43,3.04
967,3/22/2021 2:00:00 PM,3/21/2021,2726,3811.57,625075,359,91,608201,330,524.0,3.11
968,3/23/2021 2:00:00 PM,3/22/2021,3454,3801.57,625656,359,91,608693,492,528.71,2.58
969,3/24/2021 2:00:00 PM,3/23/2021,4992,3831.43,626659,360,91,609502,809,550.71,2.39
452,3/25/2021 2:00:00 PM,3/24/2021,4508,3838.43,627517,362,91,610229,727,566.0,2.44
453,3/26/2021 2:00:00 PM,3/25/2021,4326,3923.57,628346,362,91,610957,728,586.86,2.98
454,3/27/2021 2:00:00 PM,3/26/2021,3662,3825.29,629072,364,91,611557,600,596.57,2.76
455,3/28/2021 2:00:00 PM,3/27/2021,3384,3864.57,629544,364,91,612109,552,605.43,3.2
456,3/29/2021 2:00:00 PM,3/28/2021,2589,3845.0,629879,364,91,612453,344,607.43,3.47
457,3/30/2021 2:00:00 PM,3/29/2021,3081,3791.71,630774,364,91,613005,552,616.0,2.99
458,3/31/2021 2:00:00 PM,3/30/2021,4125,3667.86,631578,364,91,613727,722,603.57,2.42
158,4/1/2021 2:00:00 PM,3/31/2021,3943,3587.14,632408,364,91,614546,819,616.71,2.81
159,4/2/2021 2:00:00 PM,4/1/2021,3429,3459.0,633305,364,91,615422,876,637.86,3.93
160,4/3/2021 2:00:00 PM,4/2/2021,3550,3443.0,634121,364,91,616183,761,660.86,3.68
161,4/4/2021 2:00:00 PM,4/3/2021,3181,3414.0,634750,364,91,616847,664,676.86,4.37
162,4/5/2021 2:00:00 PM,4/4/2021,2237,3363.71,635052,364,91,617268,421,687.86,4.77
163,4/6/2021 2:00:00 PM,4/5/2021,2741,3315.14,636253,364,91,617904,636,699.86,3.45
164,4/7/2021 2:00:00 PM,4/6/2021,4685,3395.14,637205,365,91,618926,1022,742.71,3.39
655,4/8/2021 2:00:00 PM,4/7/2021,4520,3477.57,638353,365,91,619936,1010,770.0,3.24
656,4/9/2021 2:00:00 PM,4/8/2021,4474,3626.86,639561,365,91,620949,1013,789.57,4.22
657,4/10/2021 2:00:00 PM,4/9/2021,3674,3644.57,640553,367,91,621814,865,804.43,3.71
658,4/11/2021 2:00:00 PM,4/10/2021,3494,3689.29,641168,367,92,622573,759,818.0,4.22
659,4/12/2021 2:00:00 PM,4/11/2021,2580,3738.29,641615,367,92,623067,494,828.43,4.89
660,4/13/2021 2:00:00 PM,4/12/2021,3150,3796.71,642729,367,92,623782,715,839.71,3.57
661,4/14/2021 2:00:00 PM,4/13/2021,5128,3860.0,643790,367,92,624763,981,833.86,3.08
739,4/15/2021 2:00:00 PM,4/14/2021,4617,3873.86,644891,367,92,625699,936,823.29,3.14
740,4/16/2021 2:00:00 PM,4/15/2021,4154,3828.14,645890,367,92,626514,815,795.0,3.66
741,4/17/2021 2:00:00 PM,4/16/2021,3815,3848.29,646776,367,92,627299,785,783.57,3.44
742,4/18/2021 2:00:00 PM,4/17/2021,3521,3852.14,647341,367,92,627924,625,764.43,3.51
743,4/19/2021 2:00:00 PM,4/18/2021,2593,3854.0,647736,367,92,628373,449,758.0,4.27
744,4/20/2021 2:00:00 PM,4/19/2021,3658,3926.57,648757,367,93,629039,666,751.0,3.73
745,4/21/2021 2:00:00 PM,4/20/2021,4582,3848.57,649603,367,93,629904,865,734.43,2.69
389,4/22/2021 2:00:00 PM,4/21/2021,5003,3903.71,650525,367,93,630724,820,717.86,2.52
390,4/23/2021 2:00:00 PM,4/22/2021,4518,3955.71,651474,367,93,631543,819,718.43,3.46
391,4/24/2021 2:00:00 PM,4/23/2021,4042,3988.14,652244,367,93,632229,686,704.29,3.02
392,4/25/2021 2:00:00 PM,4/24/2021,3262,3951.14,652726,367,93,632859,630,705.0,3.92
393,4/26/2021 2:00:00 PM,4/25/2021,2838,3986.14,653136,367,93,633300,441,703.86,4.32
394,4/27/2021 2:00:00 PM,4/26/2021,3216,3923.0,654081,367,93,633958,658,702.71,3.62
395,4/28/2021 2:00:00 PM,4/27/2021,4968,3978.14,654918,368,93,634804,846,700.0,2.59
550,4/29/2021 2:00:00 PM,4/28/2021,5009,3979.0,655829,368,93,635665,861,705.86,2.95
551,4/30/2021 2:00:00 PM,4/29/2021,4288,3946.14,656698,368,93,636472,807,704.14,3.5
552,5/1/2021 2:00:00 PM,4/30/2021,4214,3970.71,657461,368,93,637152,680,703.29,3.38
553,5/2/2021 2:00:00 PM,5/1/2021,3409,3991.71,657949,368,93,637747,595,698.29,3.59
554,5/3/2021 2:00:00 PM,5/2/2021,2441,3935.0,658323,369,93,638156,409,693.71,4.84
555,5/4/2021 2:00:00 PM,5/3/2021,3221,3935.71,659165,371,93,638713,557,679.29,3.68
556,5/5/2021 2:00:00 PM,5/4/2021,4707,3898.43,659936,371,93,639417,704,659.0,2.65
788,5/6/2021 2:00:00 PM,5/5/2021,4588,3838.29,660775,371,93,640134,717,638.43,2.56
789,5/7/2021 2:00:00 PM,5/6/2021,6278,4122.57,661523,371,93,640784,650,616.0,3.32
790,5/8/2021 2:00:00 PM,5/7/2021,3317,3994.43,662173,371,94,641367,583,602.14,3.24
791,5/9/2021 2:00:00 PM,5/8/2021,2997,3935.57,662509,371,94,641778,411,575.86,3.44
792,5/10/2021 2:00:00 PM,5/9/2021,2103,3887.29,662710,371,94,642088,310,561.71,4.02
793,5/11/2021 2:00:00 PM,5/10/2021,3356,3906.57,663329,371,94,642523,435,544.29,3.54
794,5/12/2021 2:00:00 PM,5/11/2021,5005,3949.14,663985,372,94,643074,551,522.43,2.27
949,5/13/2021 2:00:00 PM,5/12/2021,4481,3933.86,664566,372,94,643612,538,496.86,2.49
950,5/14/2021 2:00:00 PM,5/13/2021,3821,3582.86,665169,372,94,644158,546,482.0,3.38
951,5/15/2021 2:00:00 PM,5/14/2021,3531,3613.43,665750,372,94,644610,452,463.29,2.52
952,5/16/2021 2:00:00 PM,5/15/2021,3253,3650.0,665994,372,94,644917,307,448.43,2.63
953,5/17/2021 2:00:00 PM,5/16/2021,2242,3669.86,666152,372,94,645184,267,442.29,3.86
954,5/18/2021 2:00:00 PM,5/17/2021,3683,3716.57,666771,373,94,645541,357,431.14,3.21
955,5/19/2021 2:00:00 PM,5/18/2021,3958,3567.0,667275,374,94,645995,454,417.29,2.25
3660936,5/20/2021 2:00:00 PM,5/19/2021,3759,3463.86,667857,374,94,646448,453,405.14,2.15
3660937,5/21/2021 2:00:00 PM,5/20/2021,3232,3379.71,668311,374,94,646812,364,379.14,2.62
3660938,5/22/2021 2:00:00 PM,5/21/2021,3507,3376.29,668714,374,94,647134,322,360.57,2.66
3660939,5/23/2021 2:00:00 PM,5/22/2021,2592,3281.86,668878,374,94,647390,256,353.29,2.47
3660940,5/24/2021 2:00:00 PM,5/23/2021,2029,3251.43,669044,374,94,647596,206,344.57,3.15
3660941,5/25/2021 2:00:00 PM,5/24/2021,3014,3155.86,669490,374,94,647859,263,331.14,2.38
3660942,5/26/2021 2:00:00 PM,5/25/2021,3629,3108.86,669873,374,94,648190,331,313.57,1.75
354,5/27/2021 2:00:00 PM,5/26/2021,3079,3011.71,670222,374,94,648453,263,286.43,1.56
355,5/28/2021 2:00:00 PM,5/27/2021,2557,2915.29,670505,374,94,648681,228,267.0,1.86
356,5/29/2021 2:00:00 PM,5/28/2021,2323,2746.14,670740,374,94,648888,207,250.57,1.85
357,5/30/2021 2:00:00 PM,5/29/2021,1786,2631.0,670844,375,94,649028,140,234.0,1.79
358,5/31/2021 2:00:00 PM,5/30/2021,1638,2575.14,670919,375,94,649138,110,220.29,2.07
359,6/1/2021 2:00:00 PM,5/31/2021,1525,2362.43,670967,375,94,649206,68,192.43,1.42
360,6/2/2021 2:00:00 PM,6/1/2021,2460,2195.43,671270,375,94,649379,173,169.86,1.61
529,6/3/2021 2:00:00 PM,6/2/2021,2939,2175.43,671486,375,94,649588,209,162.14,1.17
530,6/4/2021 2:00:00 PM,6/3/2021,2830,2214.43,671723,375,94,649776,188,156.43,1.35
531,6/5/2021 2:00:00 PM,6/4/2021,2616,2256.29,671920,375,94,649912,136,146.29,1.22
532,6/6/2021 2:00:00 PM,6/5/2021,2104,2301.71,671970,375,94,650012,100,140.57,1.21
533,6/7/2021 2:00:00 PM,6/6/2021,1685,2308.43,672041,375,94,650100,88,137.43,1.61
534,6/8/2021 2:00:00 PM,6/7/2021,2181,2402.14,672258,375,94,650215,115,144.14,1.29
535,6/9/2021 2:00:00 PM,6/8/2021,3173,2504.0,672419,375,94,650376,161,142.43,1.03
641,6/10/2021 2:00:00 PM,6/9/2021,2691,2468.57,672590,375,94,650509,133,131.57,0.98
642,6/11/2021 2:00:00 PM,6/10/2021,2435,2412.14,672739,375,94,650631,122,122.14,1.14
643,6/12/2021 2:00:00 PM,6/11/2021,2102,2338.71,672861,376,94,650742,111,118.57,1.15
644,6/13/2021 2:00:00 PM,6/12/2021,2032,2328.43,672908,376,94,650822,80,115.71,1.13
645,6/14/2021 2:00:00 PM,6/13/2021,1704,2331.14,672949,376,94,650894,72,113.43,1.26
646,6/15/2021 2:00:00 PM,6/14/2021,1734,2267.29,673110,376,94,650976,82,108.71,1.04
647,6/16/2021 2:00:00 PM,6/15/2021,1124,1974.57,673168,376,94,651085,109,101.29,0.86
725,6/17/2021 2:00:00 PM,6/16/2021,4303,2204.86,673298,376,94,651168,83,94.14,0.65
726,6/18/2021 2:00:00 PM,6/17/2021,1991,2141.43,673430,376,94,651222,54,84.43,0.58
727,6/19/2021 2:00:00 PM,6/18/2021,2232,2160.0,673525,376,94,651316,94,82.0,1.04
728,6/20/2021 2:00:00 PM,6/19/2021,2002,2155.71,673563,376,94,651365,49,77.57,0.66
729,6/21/2021 2:00:00 PM,6/20/2021,1549,2133.57,673586,377,94,651397,32,71.86,0.57
730,6/22/2021 2:00:00 PM,6/21/2021,2385,2226.57,673714,377,94,651465,68,69.86,0.84
731,6/23/2021 2:00:00 PM,6/22/2021,2653,2445.0,673842,377,94,651552,87,66.71,0.67
781,6/24/2021 2:00:00 PM,6/23/2021,2281,2156.14,673971,377,94,651636,84,66.86,0.67
782,6/25/2021 2:00:00 PM,6/24/2021,1949,2150.14,674053,377,94,651712,76,70.0,0.88
783,6/26/2021 2:00:00 PM,6/25/2021,2166,2140.71,674137,377,94,651789,77,67.57,0.85
784,6/27/2021 2:00:00 PM,6/26/2021,1686,2095.57,674178,377,94,651848,59,69.0,0.79
785,6/28/2021 2:00:00 PM,6/27/2021,1402,2074.57,674201,377,94,651909,61,73.14,1.41
786,6/29/2021 2:00:00 PM,6/28/2021,2396,2076.14,674344,377,94,651985,76,74.29,1.03
787,6/30/2021 2:00:00 PM,6/29/2021,2353,2033.29,674439,377,94,652086,101,76.29,0.98
305,7/1/2021 2:00:00 PM,6/30/2021,1905,1979.57,674567,377,94,652188,102,78.86,1.08
306,7/2/2021 2:00:00 PM,7/1/2021,1954,1980.29,674693,377,94,652290,102,82.57,1.34
307,7/3/2021 2:00:00 PM,7/2/2021,3147,2120.43,674803,377,94,652396,106,86.71,1.59
308,7/4/2021 2:00:00 PM,7/3/2021,2586,2249.0,674825,377,94,652459,63,87.29,1.19
309,7/5/2021 2:00:00 PM,7/4/2021,1222,2223.29,674851,377,94,652493,34,83.43,1.35
310,7/6/2021 2:00:00 PM,7/5/2021,1846,2144.71,674873,377,94,652563,70,82.57,1.55
311,7/7/2021 2:00:00 PM,7/6/2021,1712,2053.14,675080,377,94,652703,140,88.14,1.75
487,7/8/2021 2:00:00 PM,7/7/2021,5152,2517.0,675314,377,94,652830,127,91.71,1.18
488,7/9/2021 2:00:00 PM,7/8/2021,1929,2513.43,675470,377,94,652961,131,95.86,1.53
489,7/10/2021 2:00:00 PM,7/9/2021,2133,2368.57,675670,377,94,653076,115,97.14,1.44
490,7/11/2021 2:00:00 PM,7/10/2021,1878,2267.43,675704,377,94,653217,141,108.29,2.24
491,7/12/2021 2:00:00 PM,7/11/2021,1330,2282.86,675816,377,94,653309,92,116.57,2.3
492,7/13/2021 2:00:00 PM,7/12/2021,1899,2290.43,676071,378,94,653459,150,128.0,2.13
493,7/14/2021 2:00:00 PM,7/13/2021,2290,2373.0,676254,378,94,653657,198,136.29,1.89
613,7/15/2021 2:00:00 PM,7/14/2021,2544,2000.43,676506,378,94,653867,210,148.14,1.92
614,7/16/2021 2:00:00 PM,7/15/2021,2003,2011.0,676744,378,94,654065,198,157.71,2.16
615,7/17/2021 2:00:00 PM,7/16/2021,2044,1998.29,676955,378,94,654306,241,175.71,2.95
616,7/18/2021 2:00:00 PM,7/17/2021,1591,1957.29,677006,378,94,654529,223,187.43,3.29
617,7/19/2021 2:00:00 PM,7/18/2021,1336,1958.14,677120,378,94,654709,180,200.0,3.93
618,7/20/2021 2:00:00 PM,7/19/2021,2255,2009.0,677682,378,94,655015,306,222.29,3.95
619,7/21/2021 2:00:00 PM,7/20/2021,2429,2028.86,678094,378,94,655459,444,257.43,3.21
697,7/22/2021 2:00:00 PM,7/21/2021,2452,2015.71,678483,378,94,655860,401,284.71,3.24
698,7/23/2021 2:00:00 PM,7/22/2021,2484,2084.43,679025,378,94,656302,442,319.57,4.31
699,7/24/2021 2:00:00 PM,7/23/2021,2485,2147.43,679508,378,94,656767,465,351.57,4.59
700,7/25/2021 2:00:00 PM,7/24/2021,2069,2215.71,679631,379,94,657272,505,391.86,5.73
701,7/26/2021 2:00:00 PM,7/25/2021,1532,2243.71,679928,379,94,657668,396,422.71,7.29
702,7/27/2021 2:00:00 PM,7/26/2021,2294,2249.29,681050,380,94,658400,732,483.57,7.97
703,7/28/2021 2:00:00 PM,7/27/2021,3153,2352.71,681969,380,94,659302,902,549.0,6.22
361,7/29/2021 2:00:00 PM,7/28/2021,2885,2414.57,682967,380,94,660320,1018,637.14,6.2
362,7/30/2021 2:00:00 PM,7/29/2021,3106,2503.43,684150,381,95,661380,1060,725.43,7.19
363,7/31/2021 2:00:00 PM,7/30/2021,3168,2601.0,685099,382,95,662503,1123,819.43,7.63
364,8/1/2021 2:00:00 PM,7/31/2021,2861,2714.14,685688,382,95,663450,947,882.57,8.49
365,8/2/2021 2:00:00 PM,8/1/2021,2151,2802.57,686203,382,95,664141,691,924.71,9.19
366,8/3/2021 2:00:00 PM,8/2/2021,3044,2909.71,687769,382,95,665343,1202,991.86,9.27
367,8/4/2021 2:00:00 PM,8/3/2021,3925,3020.0,689101,382,95,666612,1269,1044.29,6.9
242,8/5/2021 2:00:00 PM,8/4/2021,3832,3155.29,690868,382,96,668096,1484,1110.86,7.06
243,8/6/2021 2:00:00 PM,8/5/2021,3455,3205.14,692221,382,96,669310,1214,1132.86,6.82
244,8/7/2021 2:00:00 PM,8/6/2021,3711,3282.71,693443,383,97,670556,1246,1150.43,7.34
245,8/8/2021 2:00:00 PM,8/7/2021,3058,3310.86,694079,383,98,671520,964,1152.86,7.44
246,8/9/2021 2:00:00 PM,8/8/2021,2603,3375.43,694679,383,98,672306,786,1166.43,7.94
247,8/10/2021 2:00:00 PM,8/9/2021,3403,3426.71,696499,384,98,673548,1242,1172.14,9.28
248,8/11/2021 2:00:00 PM,8/10/2021,4408,3495.71,697983,385,98,675127,1579,1216.43,7.43
536,8/12/2021 2:00:00 PM,8/11/2021,4351,3569.86,699677,385,98,676519,1392,1203.29,5.87
537,8/13/2021 2:00:00 PM,8/12/2021,4261,3685.0,701350,385,98,677988,1469,1239.71,6.34
538,8/14/2021 2:00:00 PM,8/13/2021,4073,3736.71,703001,385,98,679363,1375,1258.14,7.63
539,8/15/2021 2:00:00 PM,8/14/2021,3163,3751.71,703578,385,98,680495,1132,1282.14,7.6
540,8/16/2021 2:00:00 PM,8/15/2021,2355,3716.29,704275,386,98,681288,793,1283.14,8.82
541,8/17/2021 2:00:00 PM,8/16/2021,2893,3643.43,706231,387,98,682668,1380,1302.86,9.64
542,8/18/2021 2:00:00 PM,8/17/2021,4406,3643.14,707935,388,99,684434,1766,1329.57,7.05
445,8/19/2021 2:00:00 PM,8/18/2021,6228,3911.29,709724,388,99,686175,1741,1379.43,6.7
446,8/20/2021 2:00:00 PM,8/19/2021,4624,3963.14,711577,388,99,688009,1834,1431.57,7.61
447,8/21/2021 2:00:00 PM,8/20/2021,4277,3992.29,713277,389,99,689604,1595,1463.0,7.48
448,8/22/2021 2:00:00 PM,8/21/2021,3031,3973.43,714046,390,99,690904,1300,1487.0,8.28
449,8/23/2021 2:00:00 PM,8/22/2021,2754,4030.43,714852,394,99,691974,1070,1526.57,8.57
450,8/24/2021 2:00:00 PM,8/23/2021,3361,4097.29,717376,394,99,693752,1778,1583.43,10.0
451,8/25/2021 2:00:00 PM,8/24/2021,4939,4173.43,719403,394,100,695834,2082,1628.57,7.82
431,8/26/2021 2:00:00 PM,8/25/2021,6787,4253.29,721678,396,100,697932,2098,1679.57,7.36
432,8/27/2021 2:00:00 PM,8/26/2021,4420,4224.14,724306,396,100,699803,1871,1684.86,7.84
433,8/28/2021 2:00:00 PM,8/27/2021,4567,4265.57,726543,396,100,701597,1794,1713.29,8.71
434,8/29/2021 2:00:00 PM,8/28/2021,3639,4352.43,727394,396,100,703112,1515,1744.0,8.65
435,8/30/2021 2:00:00 PM,8/29/2021,2761,4353.43,728330,396,100,704212,1100,1748.29,8.51
436,8/31/2021 2:00:00 PM,8/30/2021,3710,4403.29,730878,397,100,705912,1700,1737.14,9.94
437,9/1/2021 2:00:00 PM,8/31/2021,6515,4628.43,733189,399,100,708042,2130,1744.0,7.87
585,9/2/2021 2:00:00 PM,9/1/2021,5390,4428.86,735870,399,100,710265,2223,1761.86,7.61
586,9/3/2021 2:00:00 PM,9/2/2021,4670,4464.57,738148,402,100,712356,2091,1793.29,8.23
587,9/4/2021 2:00:00 PM,9/3/2021,5031,4530.86,740384,403,101,714602,2246,1857.86,8.72
588,9/5/2021 2:00:00 PM,9/4/2021,3843,4560.0,741605,404,101,716276,1674,1880.57,8.51
589,9/6/2021 2:00:00 PM,9/5/2021,2641,4542.86,742591,404,102,717547,1271,1905.0,9.23
590,9/7/2021 2:00:00 PM,9/6/2021,1941,4290.14,743451,404,102,718533,986,1803.0,10.46
591,9/8/2021 2:00:00 PM,9/7/2021,3952,3924.0,745994,405,102,720367,1834,1760.71,10.4
3661054,9/9/2021 2:00:00 PM,9/8/2021,5282,3908.57,748137,405,102,723148,2781,1840.43,7.65
3661055,9/10/2021 2:00:00 PM,9/9/2021,6091,4111.57,750867,406,102,725724,2576,1909.71,7.99
3661056,9/11/2021 2:00:00 PM,9/10/2021,7199,4421.29,753621,408,103,728441,2717,1977.0,8.51
3661057,9/12/2021 2:00:00 PM,9/11/2021,5432,4648.29,754067,409,103,730557,2116,2040.14,8.28
3661058,9/13/2021 2:00:00 PM,9/12/2021,4074,4853.0,754865,409,103,732338,1781,2113.0,9.51
3661059,9/14/2021 2:00:00 PM,9/13/2021,5712,5391.71,757368,410,103,734806,2468,2324.71,9.34
3661060,9/15/2021 2:00:00 PM,9/14/2021,7799,5941.29,761317,411,104,737831,3025,2494.86,8.39
298,9/16/2021 2:00:00 PM,9/15/2021,14232,7219.86,765275,414,104,740981,3150,2547.57,7.57
299,9/17/2021 2:00:00 PM,9/16/2021,9775,7746.14,768783,414,104,743895,2914,2595.86,8.14
300,9/18/2021 2:00:00 PM,9/17/2021,8655,7954.14,772889,415,105,746698,2803,2608.14,7.63
301,9/19/2021 2:00:00 PM,9/18/2021,6605,8121.71,775006,415,106,749029,2331,2638.86,7.98
302,9/20/2021 2:00:00 PM,9/19/2021,3979,8108.14,776616,416,107,750862,1833,2646.29,9.27
303,9/21/2021 2:00:00 PM,9/20/2021,7344,8341.29,780692,416,108,753023,2161,2602.43,9.35
304,9/22/2021 2:00:00 PM,9/21/2021,7763,8336.14,783990,417,108,755959,2936,2589.71,7.65
347,9/23/2021 2:00:00 PM,9/22/2021,10615,7819.43,787501,418,108,759542,3583,2651.57,7.65
348,9/24/2021 2:00:00 PM,9/23/2021,9504,7780.71,790743,418,108,762612,3070,2673.86,7.98
349,9/25/2021 2:00:00 PM,9/24/2021,7776,7655.14,794048,419,108,765382,2770,2669.14,8.31
350,9/26/2021 2:00:00 PM,9/25/2021,6306,7612.43,795900,420,108,767801,2419,2681.71,8.23
351,9/27/2021 2:00:00 PM,9/26/2021,3639,7563.86,797403,420,108,769507,1706,2663.57,9.67
352,9/28/2021 2:00:00 PM,9/27/2021,7025,7518.29,800973,420,108,772005,2498,2711.71,10.57
353,9/29/2021 2:00:00 PM,9/28/2021,7695,7508.57,804340,421,108,775155,3150,2742.29,7.77
522,9/30/2021 2:00:00 PM,9/29/2021,8830,7253.57,807042,421,108,778205,3050,2666.14,7.78
523,10/1/2021 2:00:00 PM,9/30/2021,7532,6971.86,811033,422,108,781226,3021,2659.14,9.0
524,10/2/2021 2:00:00 PM,10/1/2021,7269,6899.43,814029,423,108,784019,2793,2662.43,8.74
525,10/3/2021 2:00:00 PM,10/2/2021,4539,6647.0,815859,423,108,786305,2286,2643.43,9.52
526,10/4/2021 2:00:00 PM,10/3/2021,3464,6622.0,817481,424,108,787718,1413,2601.57,9.36
527,10/5/2021 2:00:00 PM,10/4/2021,6017,6478.0,821499,424,108,790456,2738,2635.86,10.96
528,10/6/2021 2:00:00 PM,10/5/2021,6754,6343.57,825055,426,109,793652,3196,2642.43,8.87
319,10/7/2021 2:00:00 PM,10/6/2021,7019,6084.86,828205,426,109,796650,2998,2635.0,8.24
320,10/8/2021 2:00:00 PM,10/7/2021,7922,6140.57,831803,426,109,799381,2731,2593.57,8.78
321,10/9/2021 2:00:00 PM,10/8/2021,6586,6043.0,835083,427,109,801950,2569,2561.57,8.59
322,10/10/2021 2:00:00 PM,10/9/2021,4648,6058.57,836259,427,109,804055,2105,2535.71,9.03
323,10/11/2021 2:00:00 PM,10/10/2021,3363,6044.14,837555,428,109,805597,1542,2554.14,9.15
324,10/12/2021 2:00:00 PM,10/11/2021,4823,5873.57,840908,428,109,807909,2312,2493.29,10.19
325,10/13/2021 2:00:00 PM,10/12/2021,6782,5877.57,843758,428,109,810548,2639,2413.71,7.8
3660964,10/14/2021 2:00:00 PM,10/13/2021,6391,5787.86,846685,428,109,813139,2591,2355.57,7.7
3660965,10/15/2021 2:00:00 PM,10/14/2021,6045,5519.71,849422,428,109,815471,2332,2298.57,7.53
3660966,10/16/2021 2:00:00 PM,10/15/2021,5118,5310.0,851971,428,109,817602,2131,2236.0,7.57
3660967,10/17/2021 2:00:00 PM,10/16/2021,3795,5188.14,853067,428,109,819395,1793,2191.43,7.82
3660968,10/18/2021 2:00:00 PM,10/17/2021,2734,5098.29,854044,429,109,820534,1139,2133.86,8.76
3660969,10/19/2021 2:00:00 PM,10/18/2021,4813,5096.86,856733,431,110,822396,1862,2069.57,9.55
3660970,10/20/2021 2:00:00 PM,10/19/2021,6087,4997.57,859259,434,110,824653,2257,2015.0,7.1
494,10/21/2021 2:00:00 PM,10/20/2021,6421,5001.86,861857,434,110,827034,2381,1985.0,6.88
495,10/22/2021 2:00:00 PM,10/21/2021,6235,5029.0,864255,434,110,829129,2095,1951.14,7.04
496,10/23/2021 2:00:00 PM,10/22/2021,5522,5086.71,866985,435,110,831196,2067,1942.0,7.54
497,10/24/2021 2:00:00 PM,10/23/2021,3769,5083.0,867923,435,110,832829,1633,1919.14,6.88
498,10/25/2021 2:00:00 PM,10/24/2021,2699,5078.0,868775,437,110,834044,1215,1930.0,8.87
499,10/26/2021 2:00:00 PM,10/25/2021,3885,4945.43,871709,437,110,835859,1815,1923.29,10.09
500,10/27/2021 2:00:00 PM,10/26/2021,4926,4779.57,874009,438,110,838112,2253,1922.71,7.42
648,10/28/2021 2:00:00 PM,10/27/2021,5025,4580.14,876586,439,110,840508,2396,1924.86,6.89
649,10/29/2021 2:00:00 PM,10/28/2021,5169,4427.86,879242,439,110,842922,2414,1970.43,8.55
650,10/30/2021 2:00:00 PM,10/29/2021,4338,4258.71,881847,440,110,845218,2296,2003.14,9.01
651,10/31/2021 2:00:00 PM,10/30/2021,3300,4191.71,882766,441,110,846954,1736,2017.86,8.66
652,11/1/2021 2:00:00 PM,10/31/2021,2725,4195.43,883961,441,110,848301,1347,2036.71,8.67
653,11/2/2021 2:00:00 PM,11/1/2021,3470,4136.14,886934,443,110,850669,2368,2115.71,11.36
654,11/3/2021 2:00:00 PM,11/2/2021,4906,4133.29,889799,444,110,853383,2714,2181.57,8.23
459,11/4/2021 2:00:00 PM,11/3/2021,6043,4278.71,893142,444,110,856391,3008,2269.0,8.43
460,11/5/2021 2:00:00 PM,11/4/2021,4843,4232.14,896420,444,110,859095,2704,2310.43,9.0
461,11/6/2021 2:00:00 PM,11/5/2021,5952,4462.71,899436,444,110,861815,2720,2371.0,9.51
462,11/7/2021 2:00:00 PM,11/6/2021,3832,4538.71,900708,444,110,864300,2485,2478.0,9.0
463,11/8/2021 2:00:00 PM,11/7/2021,2640,4526.57,902011,444,110,866152,1852,2550.14,12.16
464,11/9/2021 2:00:00 PM,11/8/2021,4251,4638.14,905902,446,110,869239,3087,2652.86,12.16
465,11/10/2021 2:00:00 PM,11/9/2021,5497,4722.57,910005,446,111,872815,3576,2776.0,10.36
592,11/11/2021 2:00:00 PM,11/10/2021,5553,4652.57,914225,446,111,876464,3649,2867.57,10.25
593,11/12/2021 2:00:00 PM,11/11/2021,4805,4647.14,917993,446,111,879953,3489,2979.71,10.62
594,11/13/2021 2:00:00 PM,11/12/2021,5180,4536.86,921937,447,111,883187,3234,3053.14,11.0
595,11/14/2021 2:00:00 PM,11/13/2021,3836,4537.43,923619,447,111,885924,2737,3089.14,10.66
596,11/15/2021 2:00:00 PM,11/14/2021,2681,4543.29,924933,447,111,887943,2019,3113.0,12.29
597,11/16/2021 2:00:00 PM,11/15/2021,4241,4541.86,929711,448,111,891207,3264,3138.29,13.88
598,11/17/2021 2:00:00 PM,11/16/2021,5425,4531.57,933944,451,111,895058,3851,3177.57,10.54
424,11/18/2021 2:00:00 PM,11/17/2021,5462,4518.57,938300,451,111,899088,4030,3232.0,10.86
425,11/19/2021 2:00:00 PM,11/18/2021,5412,4605.29,942465,451,111,902921,3833,3281.14,11.32
426,11/20/2021 2:00:00 PM,11/19/2021,4872,4561.29,946787,451,111,906644,3723,3351.0,11.68
427,11/21/2021 2:00:00 PM,11/20/2021,4093,4598.0,948398,451,111,909528,2884,3372.0,11.01
428,11/22/2021 2:00:00 PM,11/21/2021,2855,4622.86,950140,451,111,911723,2195,3397.14,12.38
429,11/23/2021 2:00:00 PM,11/22/2021,3544,4523.29,955239,454,111,915110,3387,3414.71,13.94
430,11/24/2021 2:00:00 PM,11/23/2021,6135,4624.71,959969,455,111,919092,3982,3433.43,10.94
571,11/25/2021 2:00:00 PM,11/24/2021,5298,4601.29,964311,457,112,923379,4287,3470.14,10.75
572,11/26/2021 2:00:00 PM,11/25/2021,2774,4224.43,965072,458,112,925074,1695,3164.71,11.26
573,11/27/2021 2:00:00 PM,11/26/2021,2427,3875.14,967726,458,112,927560,2486,2988.0,15.43
574,11/28/2021 2:00:00 PM,11/27/2021,2598,3661.57,969610,458,112,930363,2803,2976.43,13.5
575,11/29/2021 2:00:00 PM,11/28/2021,2302,3582.57,971632,461,112,932739,2376,3002.29,14.92
576,11/30/2021 2:00:00 PM,11/29/2021,4584,3731.14,977213,462,112,936712,3973,3086.0,15.28
577,12/1/2021 2:00:00 PM,11/30/2021,5501,3640.57,982996,462,112,941855,5143,3251.86,12.93
683,12/2/2021 2:00:00 PM,12/1/2021,5460,3663.71,988821,462,112,947064,5209,3383.57,12.72
684,12/3/2021 2:00:00 PM,12/2/2021,5371,4034.71,994404,464,112,951697,4633,3803.29,12.84
685,12/4/2021 2:00:00 PM,12/3/2021,3333,4164.14,999233,465,112,955983,4286,4060.43,12.82
686,12/5/2021 2:00:00 PM,12/4/2021,6330,4697.29,1000211,466,112,959116,3133,4107.57,12.0
687,12/6/2021 2:00:00 PM,12/5/2021,2832,4773.0,1001902,466,112,961400,2284,4094.43,13.47
688,12/7/2021 2:00:00 PM,12/6/2021,4000,4689.57,1004823,466,112,965059,3659,4049.57,13.26
689,12/8/2021 2:00:00 PM,12/7/2021,5232,4651.14,1008898,468,112,969556,4497,3957.29,11.9
732,12/9/2021 2:00:00 PM,12/8/2021,5552,4664.29,1013943,468,112,974128,4572,3866.29,11.24
733,12/10/2021 2:00:00 PM,12/9/2021,4733,4573.14,1020723,468,112,978127,3999,3775.71,12.56
734,12/11/2021 2:00:00 PM,12/10/2021,5005,4812.0,1026923,469,112,982144,4017,3737.29,11.62
735,12/12/2021 2:00:00 PM,12/11/2021,3745,4442.71,1028494,469,112,984833,2689,3673.86,11.61
736,12/13/2021 2:00:00 PM,12/12/2021,2632,4414.14,1030200,469,112,986986,2153,3655.14,12.83
737,12/14/2021 2:00:00 PM,12/13/2021,3327,4318.0,1035046,469,112,990474,3488,3630.71,13.98
738,12/15/2021 2:00:00 PM,12/14/2021,5128,4303.14,1040246,470,112,994826,4352,3610.0,11.81
165,12/16/2021 2:00:00 PM,12/15/2021,5188,4251.14,1045805,470,112,999350,4524,3603.14,11.64
166,12/17/2021 2:00:00 PM,12/16/2021,4197,4174.57,1050778,470,112,1003524,4174,3628.14,12.17
167,12/18/2021 2:00:00 PM,12/17/2021,4360,4082.43,1054984,471,112,1007749,4225,3657.86,12.4
168,12/19/2021 2:00:00 PM,12/18/2021,3595,4061.0,1056610,471,112,1011045,3296,3744.57,12.52
169,12/20/2021 2:00:00 PM,12/19/2021,2088,3983.29,1058202,472,112,1013506,2461,3788.57,14.4
170,12/21/2021 2:00:00 PM,12/20/2021,3865,4060.14,1063136,474,112,1017624,4118,3878.57,14.68
171,12/22/2021 2:00:00 PM,12/21/2021,8111,4486.29,1069336,474,112,1023751,6127,4132.14,14.22
396,12/23/2021 2:00:00 PM,12/22/2021,5801,4573.86,1075934,476,112,1030344,6593,4427.71,14.83
397,12/24/2021 2:00:00 PM,12/23/2021,6299,4874.14,1081464,478,112,1037364,7020,4834.29,14.7
398,12/25/2021 2:00:00 PM,12/24/2021,5768,5075.29,1083967,478,113,1043044,5680,5042.14,16.1
399,12/26/2021 2:00:00 PM,12/25/2021,1803,4819.29,1084676,479,113,1045073,2029,4861.14,20.66
400,12/27/2021 2:00:00 PM,12/26/2021,2105,4821.71,1087528,479,113,1048229,3156,4960.43,19.23
401,12/28/2021 2:00:00 PM,12/27/2021,4035,4846.0,1094881,480,114,1055498,7269,5410.57,22.85
402,12/29/2021 2:00:00 PM,12/28/2021,5010,4403.0,1104110,480,114,1066696,11198,6135.0,25.57
3660971,12/30/2021 2:00:00 PM,12/29/2021,6056,4439.43,1116199,483,114,1080444,13748,7157.14,25.95
3660972,12/31/2021 2:00:00 PM,12/30/2021,5487,4323.43,1126220,484,114,1093683,13239,8045.57,25.45
3660973,1/1/2022 2:00:00 PM,12/31/2021,5779,4325.0,1131644,484,114,1105299,11616,8893.57,25.1
3660974,1/2/2022 2:00:00 PM,1/1/2022,2610,4440.29,1134624,484,114,1111142,5843,9438.43,26.46
3660975,1/3/2022 2:00:00 PM,1/2/2022,2390,4481.0,1139513,484,114,1116366,5224,9733.86,26.57
3660976,1/4/2022 2:00:00 PM,1/3/2022,5159,4641.57,1151142,485,114,1128211,11845,10387.57,30.98
3660977,1/5/2022 2:00:00 PM,1/4/2022,6128,4801.29,1165936,485,114,1144557,16346,11123.0,30.76
333,1/6/2022 2:00:00 PM,1/5/2022,6396,4849.86,1181882,485,114,1162804,18247,11765.71,29.88
334,1/7/2022 2:00:00 PM,1/6/2022,5545,4858.14,1198169,485,114,1179358,16554,12239.29,29.09
335,1/8/2022 2:00:00 PM,1/7/2022,5932,4880.0,1211665,486,114,1195559,16201,12894.29,29.62
336,1/9/2022 2:00:00 PM,1/8/2022,4575,5160.71,1217285,488,115,1206777,11218,13662.14,27.38
337,1/10/2022 2:00:00 PM,1/9/2022,3166,5271.57,1224170,488,115,1215461,8684,14156.43,27.33
338,1/11/2022 2:00:00 PM,1/10/2022,5167,5272.71,1239536,488,115,1229574,14113,14480.43,29.96
339,1/12/2022 2:00:00 PM,1/11/2022,5934,5245.0,1253924,488,115,1245830,16256,14467.57,28.8
3660943,1/13/2022 2:00:00 PM,1/12/2022,7084,5343.29,1271764,488,115,1262105,16275,14185.86,26.9
3660944,1/14/2022 2:00:00 PM,1/13/2022,14348,6600.86,1296747,489,115,1277030,14925,13953.14,28.75
3660945,1/15/2022 2:00:00 PM,1/14/2022,12770,7577.71,1314859,489,115,1291210,14180,13664.43,26.67
3660946,1/16/2022 2:00:00 PM,1/15/2022,10167,8376.57,1330217,489,115,1301412,10202,13519.29,26.61
3660947,1/17/2022 2:00:00 PM,1/16/2022,6682,8878.86,1374896,489,115,1308623,7211,13308.86,26.29
3660948,1/18/2022 2:00:00 PM,1/17/2022,8596,9368.71,1394105,491,115,1320650,12027,13010.86,28.31
3660949,1/19/2022 2:00:00 PM,1/18/2022,11814,10208.71,1408886,492,115,1334731,14081,12700.14,25.75
368,1/20/2022 2:00:00 PM,1/19/2022,11558,10847.86,1426868,492,116,1349523,14792,12488.29,25.94
369,1/21/2022 2:00:00 PM,1/20/2022,9976,10223.29,1439890,493,116,1361674,12151,12092.0,24.28
370,1/22/2022 2:00:00 PM,1/21/2022,9128,9703.0,1451370,494,116,1372354,10680,11592.0,24.11
371,1/23/2022 2:00:00 PM,1/22/2022,6796,9221.43,1458805,494,116,1379754,7400,11191.71,22.94
372,1/24/2022 2:00:00 PM,1/23/2022,5420,9041.14,1464153,495,116,1384551,4797,10846.86,22.91
373,1/25/2022 2:00:00 PM,1/24/2022,6167,8694.14,1471171,496,116,1391808,7257,10165.43,23.42
374,1/26/2022 2:00:00 PM,1/25/2022,7965,8144.29,1479958,496,116,1400732,8924,9428.71,20.7
3661047,1/27/2022 2:00:00 PM,1/26/2022,8447,7699.86,1489193,496,116,1409107,8375,8512.0,19.54
3661048,1/28/2022 2:00:00 PM,1/27/2022,8697,7517.14,1497424,496,116,1416315,7208,7805.86,20.86
3661049,1/29/2022 2:00:00 PM,1/28/2022,6965,7208.14,1503853,496,116,1422476,6161,7160.29,17.78
3661050,1/30/2022 2:00:00 PM,1/29/2022,5011,6953.14,1508065,496,116,1426869,4393,6730.71,18.09
3661051,1/31/2022 2:00:00 PM,1/30/2022,3506,6679.71,1510692,497,116,1429657,2788,6443.71,18.96
3661052,2/1/2022 2:00:00 PM,1/31/2022,5546,6591.0,1514764,497,117,1433938,4281,6018.57,17.52
3661053,2/2/2022 2:00:00 PM,2/1/2022,7546,6531.14,1520293,497,117,1439081,5143,5478.43,14.54
284,2/3/2022 2:00:00 PM,2/2/2022,6900,6310.14,1525650,497,117,1443833,4752,4960.86,14.15
285,2/4/2022 2:00:00 PM,2/3/2022,5443,5845.29,1529705,497,117,1447771,3938,4493.71,13.23
286,2/5/2022 2:00:00 PM,2/4/2022,5502,5636.29,1533224,497,118,1451046,3275,4081.43,13.07
287,2/6/2022 2:00:00 PM,2/5/2022,4070,5501.86,1535694,497,118,1453491,2445,3803.14,12.57
288,2/7/2022 2:00:00 PM,2/6/2022,2794,5400.14,1537048,497,118,1455369,1878,3673.14,14.99
289,2/8/2022 2:00:00 PM,2/7/2022,4358,5230.43,1539417,498,118,1457683,2314,3392.14,12.34
290,2/9/2022 2:00:00 PM,2/8/2022,6426,5070.43,1542819,499,118,1460853,3170,3110.29,10.17
557,2/10/2022 2:00:00 PM,2/9/2022,6164,4965.29,1545782,499,118,1463390,2537,2793.86,9.36
558,2/11/2022 2:00:00 PM,2/10/2022,5244,4936.86,1548183,499,118,1465776,2386,2572.14,9.89
559,2/12/2022 2:00:00 PM,2/11/2022,4915,4853.0,1550275,499,118,1467797,2021,2393.0,8.95
560,2/13/2022 2:00:00 PM,2/12/2022,3629,4790.0,1551651,499,118,1469136,1339,2235.0,8.72
561,2/14/2022 2:00:00 PM,2/13/2022,2468,4743.43,1552411,499,118,1470104,968,2105.0,9.1
562,2/15/2022 2:00:00 PM,2/14/2022,3739,4655.0,1553956,499,118,1471490,1386,1972.43,9.65
563,2/16/2022 2:00:00 PM,2/15/2022,4807,4423.71,1555806,500,118,1473341,1851,1784.0,6.84
662,2/17/2022 2:00:00 PM,2/16/2022,4749,4221.57,1557632,501,118,1474970,1629,1654.29,6.61
663,2/18/2022 2:00:00 PM,2/17/2022,4376,4097.57,1559126,501,118,1476257,1287,1497.29,6.6
664,2/19/2022 2:00:00 PM,2/18/2022,3918,3955.14,1560370,501,118,1477462,1205,1380.71,6.06
665,2/20/2022 2:00:00 PM,2/19/2022,2855,3844.57,1561080,501,118,1478218,756,1297.43,5.94
666,2/21/2022 2:00:00 PM,2/20/2022,2164,3801.14,1561544,501,118,1478771,553,1238.14,5.88
667,2/22/2022 2:00:00 PM,2/21/2022,4044,3844.71,1562535,501,118,1479721,950,1175.86,6.46
668,2/23/2022 2:00:00 PM,2/22/2022,3980,3726.57,1563668,501,118,1480659,938,1045.43,4.53
3660950,2/24/2022 2:00:00 PM,2/23/2022,3680,3573.86,1564607,501,118,1481568,909,942.57,4.83
3660951,2/25/2022 2:00:00 PM,2/24/2022,3555,3456.57,1565417,501,118,1482345,777,869.71,4.4
3660952,2/26/2022 2:00:00 PM,2/25/2022,3802,3440.0,1566201,501,118,1483033,688,795.86,4.27
3660953,2/27/2022 2:00:00 PM,2/26/2022,2944,3452.71,1566625,501,118,1483515,482,756.71,3.43
3660954,2/28/2022 2:00:00 PM,2/27/2022,2351,3479.43,1566974,502,118,1483931,416,737.14,4.95
3660955,3/1/2022 2:00:00 PM,2/28/2022,3697,3429.86,1567673,502,118,1484542,611,688.71,4.55
3660956,3/2/2022 2:00:00 PM,3/1/2022,4499,3504.0,1568491,502,118,1485178,636,645.57,2.98
3660922,3/3/2022 2:00:00 PM,3/2/2022,3698,3506.57,1569083,502,118,1485796,618,604.0,3.06
3660923,3/4/2022 2:00:00 PM,3/3/2022,3269,3465.71,1569658,502,118,1486328,532,569.0,3.7
3660924,3/5/2022 2:00:00 PM,3/4/2022,3545,3429.0,1570214,502,118,1486819,491,540.86,3.21
3660925,3/6/2022 2:00:00 PM,3/5/2022,2739,3399.71,1570530,503,118,1487155,336,520.0,3.24
3660926,3/7/2022 2:00:00 PM,3/6/2022,2067,3359.14,1570764,503,118,1487409,254,496.86,3.25
3660927,3/8/2022 2:00:00 PM,3/7/2022,3210,3289.57,1571197,503,118,1487846,437,472.0,3.51
3660928,3/9/2022 2:00:00 PM,3/8/2022,4237,3252.14,1571766,503,118,1488381,535,457.57,2.72
207,3/10/2022 2:00:00 PM,3/9/2022,3585,3236.0,1572291,503,118,1488893,512,442.43,2.86
208,3/11/2022 2:00:00 PM,3/10/2022,3427,3258.57,1572785,503,118,1489316,423,426.86,3.09
209,3/12/2022 2:00:00 PM,3/11/2022,3186,3207.29,1573193,503,118,1489715,399,413.71,2.79
210,3/13/2022 2:00:00 PM,3/12/2022,2602,3187.71,1573465,503,118,1490020,305,409.29,2.73
211,3/14/2022 2:00:00 PM,3/13/2022,706,2993.29,1573524,503,118,1490219,199,401.43,3.0
212,3/15/2022 2:00:00 PM,3/14/2022,4480,3174.71,1574043,503,118,1490604,385,394.0,3.03
213,3/16/2022 2:00:00 PM,3/15/2022,4171,3165.29,1574561,503,118,1491073,469,384.57,2.45
270,3/17/2022 2:00:00 PM,3/16/2022,4395,3281.0,1575099,503,118,1491501,428,372.57,2.66
271,3/18/2022 2:00:00 PM,3/17/2022,3303,3263.29,1575523,503,118,1491894,393,368.29,3.19
272,3/19/2022 2:00:00 PM,3/18/2022,3501,3308.29,1575880,503,118,1492237,343,360.29,2.36
273,3/20/2022 2:00:00 PM,3/19/2022,2905,3351.57,1576136,503,118,1492480,243,351.43,2.77
274,3/21/2022 2:00:00 PM,3/20/2022,1997,3536.0,1576354,503,118,1492661,181,348.86,2.73
275,3/22/2022 2:00:00 PM,3/21/2022,2882,3307.71,1576747,503,118,1493061,400,351.0,3.13
276,3/23/2022 2:00:00 PM,3/22/2022,4196,3311.29,1577185,503,118,1493479,418,343.71,2.38
3661089,3/24/2022 2:00:00 PM,3/23/2022,3292,3153.71,1577629,503,118,1493911,432,344.29,2.86
3661090,3/25/2022 2:00:00 PM,3/24/2022,2948,3103.0,1578071,503,118,1494281,370,341.0,3.16
3661091,3/26/2022 2:00:00 PM,3/25/2022,2963,3026.14,1578479,503,118,1494663,382,346.57,2.92
3661092,3/27/2022 2:00:00 PM,3/26/2022,2421,2957.0,1578728,503,118,1494972,309,356.0,3.08
3661093,3/28/2022 2:00:00 PM,3/27/2022,1575,2896.71,1578957,503,118,1495174,202,359.0,3.44
3661094,3/29/2022 2:00:00 PM,3/28/2022,3328,2960.43,1579421,503,118,1495602,428,363.0,3.8
3661095,3/30/2022 2:00:00 PM,3/29/2022,3564,2870.14,1579997,503,118,1496081,479,371.71,3.03
3660957,3/31/2022 2:00:00 PM,3/30/2022,3278,2868.14,1580539,503,118,1496589,508,382.57,3.41
